[rank 37/64] SLURM_LOCALID=5 visible_gpus=8 -> using cuda:5 (AMD Instinct MI250X)
[rank 38/64] SLURM_LOCALID=6 visible_gpus=8 -> using cuda:6 (AMD Instinct MI250X)
[rank 35/64] SLURM_LOCALID=3 visible_gpus=8 -> using cuda:3 (AMD Instinct MI250X)
[rank 39/64] SLURM_LOCALID=7 visible_gpus=8 -> using cuda:7 (AMD Instinct MI250X)
[rank 32/64] SLURM_LOCALID=0 visible_gpus=8 -> using cuda:0 (AMD Instinct MI250X)
[rank 34/64] SLURM_LOCALID=2 visible_gpus=8 -> using cuda:2 (AMD Instinct MI250X)
[rank 33/64] SLURM_LOCALID=1 visible_gpus=8 -> using cuda:1 (AMD Instinct MI250X)
[rank 36/64] SLURM_LOCALID=4 visible_gpus=8 -> using cuda:4 (AMD Instinct MI250X)
[rank 21/64] SLURM_LOCALID=5 visible_gpus=8 -> using cuda:5 (AMD Instinct MI250X)
[rank 23/64] SLURM_LOCALID=7 visible_gpus=8 -> using cuda:7 (AMD Instinct MI250X)
[rank 20/64] SLURM_LOCALID=4 visible_gpus=8 -> using cuda:4 (AMD Instinct MI250X)
[rank 19/64] SLURM_LOCALID=3 visible_gpus=8 -> using cuda:3 (AMD Instinct MI250X)
[rank 16/64] SLURM_LOCALID=0 visible_gpus=8 -> using cuda:0 (AMD Instinct MI250X)
[rank 22/64] SLURM_LOCALID=6 visible_gpus=8 -> using cuda:6 (AMD Instinct MI250X)
[rank 43/64] SLURM_LOCALID=3 visible_gpus=8 -> using cuda:3 (AMD Instinct MI250X)
[rank 47/64] SLURM_LOCALID=7 visible_gpus=8 -> using cuda:7 (AMD Instinct MI250X)
[rank 40/64] SLURM_LOCALID=0 visible_gpus=8 -> using cuda:0 (AMD Instinct MI250X)
[rank 45/64] SLURM_LOCALID=5 visible_gpus=8 -> using cuda:5 (AMD Instinct MI250X)
[rank 46/64] SLURM_LOCALID=6 visible_gpus=8 -> using cuda:6 (AMD Instinct MI250X)
[rank 42/64] SLURM_LOCALID=2 visible_gpus=8 -> using cuda:2 (AMD Instinct MI250X)
[rank 44/64] SLURM_LOCALID=4 visible_gpus=8 -> using cuda:4 (AMD Instinct MI250X)
[rank 41/64] SLURM_LOCALID=1 visible_gpus=8 -> using cuda:1 (AMD Instinct MI250X)
[rank 3/64] SLURM_LOCALID=3 visible_gpus=8 -> using cuda:3 (AMD Instinct MI250X)
[rank 2/64] SLURM_LOCALID=2 visible_gpus=8 -> using cuda:2 (AMD Instinct MI250X)
[rank 1/64] SLURM_LOCALID=1 visible_gpus=8 -> using cuda:1 (AMD Instinct MI250X)
[rank 7/64] SLURM_LOCALID=7 visible_gpus=8 -> using cuda:7 (AMD Instinct MI250X)
[rank 50/64] SLURM_LOCALID=2 visible_gpus=8 -> using cuda:2 (AMD Instinct MI250X)
[rank 49/64] SLURM_LOCALID=1 visible_gpus=8 -> using cuda:1 (AMD Instinct MI250X)
[rank 48/64] SLURM_LOCALID=0 visible_gpus=8 -> using cuda:0 (AMD Instinct MI250X)
[rank 17/64] SLURM_LOCALID=1 visible_gpus=8 -> using cuda:1 (AMD Instinct MI250X)
[rank 18/64] SLURM_LOCALID=2 visible_gpus=8 -> using cuda:2 (AMD Instinct MI250X)
[rank 52/64] SLURM_LOCALID=4 visible_gpus=8 -> using cuda:4 (AMD Instinct MI250X)
[rank 53/64] SLURM_LOCALID=5 visible_gpus=8 -> using cuda:5 (AMD Instinct MI250X)
[rank 54/64] SLURM_LOCALID=6 visible_gpus=8 -> using cuda:6 (AMD Instinct MI250X)
[rank 55/64] SLURM_LOCALID=7 visible_gpus=8 -> using cuda:7 (AMD Instinct MI250X)
[rank 51/64] SLURM_LOCALID=3 visible_gpus=8 -> using cuda:3 (AMD Instinct MI250X)
[rank 6/64] SLURM_LOCALID=6 visible_gpus=8 -> using cuda:6 (AMD Instinct MI250X)
[rank 9/64] SLURM_LOCALID=1 visible_gpus=8 -> using cuda:1 (AMD Instinct MI250X)
[rank 12/64] SLURM_LOCALID=4 visible_gpus=8 -> using cuda:4 (AMD Instinct MI250X)
[rank 14/64] SLURM_LOCALID=6 visible_gpus=8 -> using cuda:6 (AMD Instinct MI250X)
[rank 13/64] SLURM_LOCALID=5 visible_gpus=8 -> using cuda:5 (AMD Instinct MI250X)
[rank 10/64] SLURM_LOCALID=2 visible_gpus=8 -> using cuda:2 (AMD Instinct MI250X)
[rank 5/64] SLURM_LOCALID=5 visible_gpus=8 -> using cuda:5 (AMD Instinct MI250X)
[rank 11/64] SLURM_LOCALID=3 visible_gpus=8 -> using cuda:3 (AMD Instinct MI250X)
[rank 15/64] SLURM_LOCALID=7 visible_gpus=8 -> using cuda:7 (AMD Instinct MI250X)
[rank 8/64] SLURM_LOCALID=0 visible_gpus=8 -> using cuda:0 (AMD Instinct MI250X)
[rank 62/64] SLURM_LOCALID=6 visible_gpus=8 -> using cuda:6 (AMD Instinct MI250X)
[rank 59/64] SLURM_LOCALID=3 visible_gpus=8 -> using cuda:3 (AMD Instinct MI250X)
[rank 57/64] SLURM_LOCALID=1 visible_gpus=8 -> using cuda:1 (AMD Instinct MI250X)
[rank 56/64] SLURM_LOCALID=0 visible_gpus=8 -> using cuda:0 (AMD Instinct MI250X)
[rank 58/64] SLURM_LOCALID=2 visible_gpus=8 -> using cuda:2 (AMD Instinct MI250X)
[rank 60/64] SLURM_LOCALID=4 visible_gpus=8 -> using cuda:4 (AMD Instinct MI250X)
[rank 26/64] SLURM_LOCALID=2 visible_gpus=8 -> using cuda:2 (AMD Instinct MI250X)
[rank 61/64] SLURM_LOCALID=5 visible_gpus=8 -> using cuda:5 (AMD Instinct MI250X)
[rank 28/64] SLURM_LOCALID=4 visible_gpus=8 -> using cuda:4 (AMD Instinct MI250X)
[rank 31/64] SLURM_LOCALID=7 visible_gpus=8 -> using cuda:7 (AMD Instinct MI250X)
[rank 24/64] SLURM_LOCALID=0 visible_gpus=8 -> using cuda:0 (AMD Instinct MI250X)
[rank 27/64] SLURM_LOCALID=3 visible_gpus=8 -> using cuda:3 (AMD Instinct MI250X)
[rank 25/64] SLURM_LOCALID=1 visible_gpus=8 -> using cuda:1 (AMD Instinct MI250X)
[rank 30/64] SLURM_LOCALID=6 visible_gpus=8 -> using cuda:6 (AMD Instinct MI250X)
[rank 29/64] SLURM_LOCALID=5 visible_gpus=8 -> using cuda:5 (AMD Instinct MI250X)
[rank 63/64] SLURM_LOCALID=7 visible_gpus=8 -> using cuda:7 (AMD Instinct MI250X)
[rank 4/64] SLURM_LOCALID=4 visible_gpus=8 -> using cuda:4 (AMD Instinct MI250X)
[rank 0/64] SLURM_LOCALID=0 visible_gpus=8 -> using cuda:0 (AMD Instinct MI250X)
wandb: [wandb.login()] Loaded credentials for https://api.wandb.ai from /users/mazhanyu/.netrc.
wandb: Currently logged in as: mzyyyyyyyy (mzyyyyyyyy-ucph) to https://api.wandb.ai. Use `wandb login --relogin` to force relogin
wandb: setting up run wxgyixwr
wandb: Tracking run with wandb version 0.25.0
wandb: Run data is saved locally in /flash/project_465002934/Marigold_output/sr_fm_refiner_v12-lumi/wandb/run-20261005_122655-wxgyixwr
wandb: Run `wandb offline` to turn off syncing.
wandb: Syncing run sr_fm_refiner_v12-lumi
wandb: ⭐️ View project at https://wandb.ai/mzyyyyyyyy-ucph/marigold
wandb: 🚀 View run at https://wandb.ai/mzyyyyyyyy-ucph/marigold/runs/wxgyixwr
wandb: WARNING Found log directory outside of given root_logdir, dropping given root_logdir for event file in /flash/project_465002934/Marigold_output/sr_fm_refiner_v12-lumi/tensorboard
/users/mazhanyu/Projects/Marigold/src/util/ps_lazydataset.py:657: UserWarning: Using lambda is incompatible with multiprocessing. Consider using regular functions or partial().
  transform_list_input.append(A.Lambda(image=lambda x, **kwargs: x * 2.0 - 1.0))
/users/mazhanyu/Projects/Marigold/src/util/ps_lazydataset.py:657: UserWarning: Using lambda is incompatible with multiprocessing. Consider using regular functions or partial().
  transform_list_input.append(A.Lambda(image=lambda x, **kwargs: x * 2.0 - 1.0))
/users/mazhanyu/Projects/Marigold/src/util/ps_lazydataset.py:657: UserWarning: Using lambda is incompatible with multiprocessing. Consider using regular functions or partial().
  transform_list_input.append(A.Lambda(image=lambda x, **kwargs: x * 2.0 - 1.0))
/users/mazhanyu/Projects/Marigold/src/util/ps_lazydataset.py:657: UserWarning: Using lambda is incompatible with multiprocessing. Consider using regular functions or partial().
  transform_list_input.append(A.Lambda(image=lambda x, **kwargs: x * 2.0 - 1.0))
/users/mazhanyu/Projects/Marigold/src/util/ps_lazydataset.py:683: UserWarning: Using lambda is incompatible with multiprocessing. Consider using regular functions or partial().
  transform_list_input_hr.append(A.Lambda(image=lambda x, **kwargs: x * 2.0 - 1.0))
/users/mazhanyu/Projects/Marigold/src/util/ps_lazydataset.py:657: UserWarning: Using lambda is incompatible with multiprocessing. Consider using regular functions or partial().
  transform_list_input.append(A.Lambda(image=lambda x, **kwargs: x * 2.0 - 1.0))
/users/mazhanyu/Projects/Marigold/src/util/ps_lazydataset.py:683: UserWarning: Using lambda is incompatible with multiprocessing. Consider using regular functions or partial().
  transform_list_input_hr.append(A.Lambda(image=lambda x, **kwargs: x * 2.0 - 1.0))
/users/mazhanyu/Projects/Marigold/src/util/ps_lazydataset.py:690: UserWarning: Using lambda is incompatible with multiprocessing. Consider using regular functions or partial().
  scale_target = A.Lambda(image=lambda x, **kwargs: x * 1e+6)
/users/mazhanyu/Projects/Marigold/src/util/ps_lazydataset.py:691: UserWarning: Using lambda is incompatible with multiprocessing. Consider using regular functions or partial().
  unit_rescale_target = A.Lambda(image=lambda x, **kwargs: x * self.unit_scale_ratio)
/users/mazhanyu/Projects/Marigold/src/util/ps_lazydataset.py:690: UserWarning: Using lambda is incompatible with multiprocessing. Consider using regular functions or partial().
  scale_target = A.Lambda(image=lambda x, **kwargs: x * 1e+6)
/users/mazhanyu/Projects/Marigold/src/util/ps_lazydataset.py:691: UserWarning: Using lambda is incompatible with multiprocessing. Consider using regular functions or partial().
  unit_rescale_target = A.Lambda(image=lambda x, **kwargs: x * self.unit_scale_ratio)
/users/mazhanyu/Projects/Marigold/src/util/ps_lazydataset.py:703: UserWarning: Using lambda is incompatible with multiprocessing. Consider using regular functions or partial().
  transform_list_target.append(A.Lambda(image=lambda x, **kwargs: x * 2.0 - 1.0))
/users/mazhanyu/Projects/Marigold/src/util/ps_lazydataset.py:657: UserWarning: Using lambda is incompatible with multiprocessing. Consider using regular functions or partial().
  transform_list_input.append(A.Lambda(image=lambda x, **kwargs: x * 2.0 - 1.0))
/users/mazhanyu/Projects/Marigold/src/util/ps_lazydataset.py:703: UserWarning: Using lambda is incompatible with multiprocessing. Consider using regular functions or partial().
  transform_list_target.append(A.Lambda(image=lambda x, **kwargs: x * 2.0 - 1.0))
/users/mazhanyu/Projects/Marigold/src/util/ps_lazydataset.py:683: UserWarning: Using lambda is incompatible with multiprocessing. Consider using regular functions or partial().
  transform_list_input_hr.append(A.Lambda(image=lambda x, **kwargs: x * 2.0 - 1.0))
/users/mazhanyu/Projects/Marigold/src/util/ps_lazydataset.py:683: UserWarning: Using lambda is incompatible with multiprocessing. Consider using regular functions or partial().
  transform_list_input_hr.append(A.Lambda(image=lambda x, **kwargs: x * 2.0 - 1.0))
/users/mazhanyu/Projects/Marigold/src/util/ps_lazydataset.py:657: UserWarning: Using lambda is incompatible with multiprocessing. Consider using regular functions or partial().
  transform_list_input.append(A.Lambda(image=lambda x, **kwargs: x * 2.0 - 1.0))
/users/mazhanyu/Projects/Marigold/src/util/ps_lazydataset.py:657: UserWarning: Using lambda is incompatible with multiprocessing. Consider using regular functions or partial().
  transform_list_input.append(A.Lambda(image=lambda x, **kwargs: x * 2.0 - 1.0))
/users/mazhanyu/Projects/Marigold/src/util/ps_lazydataset.py:683: UserWarning: Using lambda is incompatible with multiprocessing. Consider using regular functions or partial().
  transform_list_input_hr.append(A.Lambda(image=lambda x, **kwargs: x * 2.0 - 1.0))
/users/mazhanyu/Projects/Marigold/src/util/ps_lazydataset.py:657: UserWarning: Using lambda is incompatible with multiprocessing. Consider using regular functions or partial().
  transform_list_input.append(A.Lambda(image=lambda x, **kwargs: x * 2.0 - 1.0))
/users/mazhanyu/Projects/Marigold/src/util/ps_lazydataset.py:657: UserWarning: Using lambda is incompatible with multiprocessing. Consider using regular functions or partial().
  transform_list_input.append(A.Lambda(image=lambda x, **kwargs: x * 2.0 - 1.0))
/users/mazhanyu/Projects/Marigold/src/util/ps_lazydataset.py:657: UserWarning: Using lambda is incompatible with multiprocessing. Consider using regular functions or partial().
  transform_list_input.append(A.Lambda(image=lambda x, **kwargs: x * 2.0 - 1.0))
/users/mazhanyu/Projects/Marigold/src/util/ps_lazydataset.py:657: UserWarning: Using lambda is incompatible with multiprocessing. Consider using regular functions or partial().
  transform_list_input.append(A.Lambda(image=lambda x, **kwargs: x * 2.0 - 1.0))
/users/mazhanyu/Projects/Marigold/src/util/ps_lazydataset.py:657: UserWarning: Using lambda is incompatible with multiprocessing. Consider using regular functions or partial().
  transform_list_input.append(A.Lambda(image=lambda x, **kwargs: x * 2.0 - 1.0))
/users/mazhanyu/Projects/Marigold/src/util/ps_lazydataset.py:657: UserWarning: Using lambda is incompatible with multiprocessing. Consider using regular functions or partial().
  transform_list_input.append(A.Lambda(image=lambda x, **kwargs: x * 2.0 - 1.0))
/users/mazhanyu/Projects/Marigold/src/util/ps_lazydataset.py:690: UserWarning: Using lambda is incompatible with multiprocessing. Consider using regular functions or partial().
  scale_target = A.Lambda(image=lambda x, **kwargs: x * 1e+6)
/users/mazhanyu/Projects/Marigold/src/util/ps_lazydataset.py:690: UserWarning: Using lambda is incompatible with multiprocessing. Consider using regular functions or partial().
  scale_target = A.Lambda(image=lambda x, **kwargs: x * 1e+6)
/users/mazhanyu/Projects/Marigold/src/util/ps_lazydataset.py:691: UserWarning: Using lambda is incompatible with multiprocessing. Consider using regular functions or partial().
  unit_rescale_target = A.Lambda(image=lambda x, **kwargs: x * self.unit_scale_ratio)
/users/mazhanyu/Projects/Marigold/src/util/ps_lazydataset.py:691: UserWarning: Using lambda is incompatible with multiprocessing. Consider using regular functions or partial().
  unit_rescale_target = A.Lambda(image=lambda x, **kwargs: x * self.unit_scale_ratio)
/users/mazhanyu/Projects/Marigold/src/util/ps_lazydataset.py:703: UserWarning: Using lambda is incompatible with multiprocessing. Consider using regular functions or partial().
  transform_list_target.append(A.Lambda(image=lambda x, **kwargs: x * 2.0 - 1.0))
/users/mazhanyu/Projects/Marigold/src/util/ps_lazydataset.py:703: UserWarning: Using lambda is incompatible with multiprocessing. Consider using regular functions or partial().
  transform_list_target.append(A.Lambda(image=lambda x, **kwargs: x * 2.0 - 1.0))
/users/mazhanyu/Projects/Marigold/src/util/ps_lazydataset.py:690: UserWarning: Using lambda is incompatible with multiprocessing. Consider using regular functions or partial().
  scale_target = A.Lambda(image=lambda x, **kwargs: x * 1e+6)
/users/mazhanyu/Projects/Marigold/src/util/ps_lazydataset.py:691: UserWarning: Using lambda is incompatible with multiprocessing. Consider using regular functions or partial().
  unit_rescale_target = A.Lambda(image=lambda x, **kwargs: x * self.unit_scale_ratio)
/users/mazhanyu/Projects/Marigold/src/util/ps_lazydataset.py:657: UserWarning: Using lambda is incompatible with multiprocessing. Consider using regular functions or partial().
  transform_list_input.append(A.Lambda(image=lambda x, **kwargs: x * 2.0 - 1.0))
/users/mazhanyu/Projects/Marigold/src/util/ps_lazydataset.py:703: UserWarning: Using lambda is incompatible with multiprocessing. Consider using regular functions or partial().
  transform_list_target.append(A.Lambda(image=lambda x, **kwargs: x * 2.0 - 1.0))
/users/mazhanyu/Projects/Marigold/src/util/ps_lazydataset.py:683: UserWarning: Using lambda is incompatible with multiprocessing. Consider using regular functions or partial().
  transform_list_input_hr.append(A.Lambda(image=lambda x, **kwargs: x * 2.0 - 1.0))
/users/mazhanyu/Projects/Marigold/src/util/ps_lazydataset.py:683: UserWarning: Using lambda is incompatible with multiprocessing. Consider using regular functions or partial().
  transform_list_input_hr.append(A.Lambda(image=lambda x, **kwargs: x * 2.0 - 1.0))
/users/mazhanyu/Projects/Marigold/src/util/ps_lazydataset.py:683: UserWarning: Using lambda is incompatible with multiprocessing. Consider using regular functions or partial().
  transform_list_input_hr.append(A.Lambda(image=lambda x, **kwargs: x * 2.0 - 1.0))
/users/mazhanyu/Projects/Marigold/src/util/ps_lazydataset.py:683: UserWarning: Using lambda is incompatible with multiprocessing. Consider using regular functions or partial().
  transform_list_input_hr.append(A.Lambda(image=lambda x, **kwargs: x * 2.0 - 1.0))
/users/mazhanyu/Projects/Marigold/src/util/ps_lazydataset.py:683: UserWarning: Using lambda is incompatible with multiprocessing. Consider using regular functions or partial().
  transform_list_input_hr.append(A.Lambda(image=lambda x, **kwargs: x * 2.0 - 1.0))
/users/mazhanyu/Projects/Marigold/src/util/ps_lazydataset.py:683: UserWarning: Using lambda is incompatible with multiprocessing. Consider using regular functions or partial().
  transform_list_input_hr.append(A.Lambda(image=lambda x, **kwargs: x * 2.0 - 1.0))
/users/mazhanyu/Projects/Marigold/src/util/ps_lazydataset.py:683: UserWarning: Using lambda is incompatible with multiprocessing. Consider using regular functions or partial().
  transform_list_input_hr.append(A.Lambda(image=lambda x, **kwargs: x * 2.0 - 1.0))
/users/mazhanyu/Projects/Marigold/src/util/ps_lazydataset.py:683: UserWarning: Using lambda is incompatible with multiprocessing. Consider using regular functions or partial().
  transform_list_input_hr.append(A.Lambda(image=lambda x, **kwargs: x * 2.0 - 1.0))
/users/mazhanyu/Projects/Marigold/src/util/ps_lazydataset.py:657: UserWarning: Using lambda is incompatible with multiprocessing. Consider using regular functions or partial().
  transform_list_input.append(A.Lambda(image=lambda x, **kwargs: x * 2.0 - 1.0))
/users/mazhanyu/Projects/Marigold/src/util/ps_lazydataset.py:683: UserWarning: Using lambda is incompatible with multiprocessing. Consider using regular functions or partial().
  transform_list_input_hr.append(A.Lambda(image=lambda x, **kwargs: x * 2.0 - 1.0))
/users/mazhanyu/Projects/Marigold/src/util/ps_lazydataset.py:690: UserWarning: Using lambda is incompatible with multiprocessing. Consider using regular functions or partial().
  scale_target = A.Lambda(image=lambda x, **kwargs: x * 1e+6)
/users/mazhanyu/Projects/Marigold/src/util/ps_lazydataset.py:690: UserWarning: Using lambda is incompatible with multiprocessing. Consider using regular functions or partial().
  scale_target = A.Lambda(image=lambda x, **kwargs: x * 1e+6)
/users/mazhanyu/Projects/Marigold/src/util/ps_lazydataset.py:691: UserWarning: Using lambda is incompatible with multiprocessing. Consider using regular functions or partial().
  unit_rescale_target = A.Lambda(image=lambda x, **kwargs: x * self.unit_scale_ratio)
/users/mazhanyu/Projects/Marigold/src/util/ps_lazydataset.py:690: UserWarning: Using lambda is incompatible with multiprocessing. Consider using regular functions or partial().
  scale_target = A.Lambda(image=lambda x, **kwargs: x * 1e+6)
/users/mazhanyu/Projects/Marigold/src/util/ps_lazydataset.py:690: UserWarning: Using lambda is incompatible with multiprocessing. Consider using regular functions or partial().
  scale_target = A.Lambda(image=lambda x, **kwargs: x * 1e+6)
/users/mazhanyu/Projects/Marigold/src/util/ps_lazydataset.py:690: UserWarning: Using lambda is incompatible with multiprocessing. Consider using regular functions or partial().
  scale_target = A.Lambda(image=lambda x, **kwargs: x * 1e+6)
/users/mazhanyu/Projects/Marigold/src/util/ps_lazydataset.py:690: UserWarning: Using lambda is incompatible with multiprocessing. Consider using regular functions or partial().
  scale_target = A.Lambda(image=lambda x, **kwargs: x * 1e+6)
/users/mazhanyu/Projects/Marigold/src/util/ps_lazydataset.py:690: UserWarning: Using lambda is incompatible with multiprocessing. Consider using regular functions or partial().
  scale_target = A.Lambda(image=lambda x, **kwargs: x * 1e+6)
/users/mazhanyu/Projects/Marigold/src/util/ps_lazydataset.py:690: UserWarning: Using lambda is incompatible with multiprocessing. Consider using regular functions or partial().
  scale_target = A.Lambda(image=lambda x, **kwargs: x * 1e+6)
/users/mazhanyu/Projects/Marigold/src/util/ps_lazydataset.py:683: UserWarning: Using lambda is incompatible with multiprocessing. Consider using regular functions or partial().
  transform_list_input_hr.append(A.Lambda(image=lambda x, **kwargs: x * 2.0 - 1.0))
/users/mazhanyu/Projects/Marigold/src/util/ps_lazydataset.py:691: UserWarning: Using lambda is incompatible with multiprocessing. Consider using regular functions or partial().
  unit_rescale_target = A.Lambda(image=lambda x, **kwargs: x * self.unit_scale_ratio)
/users/mazhanyu/Projects/Marigold/src/util/ps_lazydataset.py:691: UserWarning: Using lambda is incompatible with multiprocessing. Consider using regular functions or partial().
  unit_rescale_target = A.Lambda(image=lambda x, **kwargs: x * self.unit_scale_ratio)
/users/mazhanyu/Projects/Marigold/src/util/ps_lazydataset.py:703: UserWarning: Using lambda is incompatible with multiprocessing. Consider using regular functions or partial().
  transform_list_target.append(A.Lambda(image=lambda x, **kwargs: x * 2.0 - 1.0))
/users/mazhanyu/Projects/Marigold/src/util/ps_lazydataset.py:691: UserWarning: Using lambda is incompatible with multiprocessing. Consider using regular functions or partial().
  unit_rescale_target = A.Lambda(image=lambda x, **kwargs: x * self.unit_scale_ratio)
/users/mazhanyu/Projects/Marigold/src/util/ps_lazydataset.py:691: UserWarning: Using lambda is incompatible with multiprocessing. Consider using regular functions or partial().
  unit_rescale_target = A.Lambda(image=lambda x, **kwargs: x * self.unit_scale_ratio)
/users/mazhanyu/Projects/Marigold/src/util/ps_lazydataset.py:691: UserWarning: Using lambda is incompatible with multiprocessing. Consider using regular functions or partial().
  unit_rescale_target = A.Lambda(image=lambda x, **kwargs: x * self.unit_scale_ratio)
/users/mazhanyu/Projects/Marigold/src/util/ps_lazydataset.py:691: UserWarning: Using lambda is incompatible with multiprocessing. Consider using regular functions or partial().
  unit_rescale_target = A.Lambda(image=lambda x, **kwargs: x * self.unit_scale_ratio)
/users/mazhanyu/Projects/Marigold/src/util/ps_lazydataset.py:691: UserWarning: Using lambda is incompatible with multiprocessing. Consider using regular functions or partial().
  unit_rescale_target = A.Lambda(image=lambda x, **kwargs: x * self.unit_scale_ratio)
/users/mazhanyu/Projects/Marigold/src/util/ps_lazydataset.py:690: UserWarning: Using lambda is incompatible with multiprocessing. Consider using regular functions or partial().
  scale_target = A.Lambda(image=lambda x, **kwargs: x * 1e+6)
/users/mazhanyu/Projects/Marigold/src/util/ps_lazydataset.py:703: UserWarning: Using lambda is incompatible with multiprocessing. Consider using regular functions or partial().
  transform_list_target.append(A.Lambda(image=lambda x, **kwargs: x * 2.0 - 1.0))
/users/mazhanyu/Projects/Marigold/src/util/ps_lazydataset.py:703: UserWarning: Using lambda is incompatible with multiprocessing. Consider using regular functions or partial().
  transform_list_target.append(A.Lambda(image=lambda x, **kwargs: x * 2.0 - 1.0))
/users/mazhanyu/Projects/Marigold/src/util/ps_lazydataset.py:703: UserWarning: Using lambda is incompatible with multiprocessing. Consider using regular functions or partial().
  transform_list_target.append(A.Lambda(image=lambda x, **kwargs: x * 2.0 - 1.0))
/users/mazhanyu/Projects/Marigold/src/util/ps_lazydataset.py:703: UserWarning: Using lambda is incompatible with multiprocessing. Consider using regular functions or partial().
  transform_list_target.append(A.Lambda(image=lambda x, **kwargs: x * 2.0 - 1.0))
/users/mazhanyu/Projects/Marigold/src/util/ps_lazydataset.py:703: UserWarning: Using lambda is incompatible with multiprocessing. Consider using regular functions or partial().
  transform_list_target.append(A.Lambda(image=lambda x, **kwargs: x * 2.0 - 1.0))
/users/mazhanyu/Projects/Marigold/src/util/ps_lazydataset.py:703: UserWarning: Using lambda is incompatible with multiprocessing. Consider using regular functions or partial().
  transform_list_target.append(A.Lambda(image=lambda x, **kwargs: x * 2.0 - 1.0))
/users/mazhanyu/Projects/Marigold/src/util/ps_lazydataset.py:691: UserWarning: Using lambda is incompatible with multiprocessing. Consider using regular functions or partial().
  unit_rescale_target = A.Lambda(image=lambda x, **kwargs: x * self.unit_scale_ratio)
/users/mazhanyu/Projects/Marigold/src/util/ps_lazydataset.py:690: UserWarning: Using lambda is incompatible with multiprocessing. Consider using regular functions or partial().
  scale_target = A.Lambda(image=lambda x, **kwargs: x * 1e+6)
/users/mazhanyu/Projects/Marigold/src/util/ps_lazydataset.py:703: UserWarning: Using lambda is incompatible with multiprocessing. Consider using regular functions or partial().
  transform_list_target.append(A.Lambda(image=lambda x, **kwargs: x * 2.0 - 1.0))
/users/mazhanyu/Projects/Marigold/src/util/ps_lazydataset.py:703: UserWarning: Using lambda is incompatible with multiprocessing. Consider using regular functions or partial().
  transform_list_target.append(A.Lambda(image=lambda x, **kwargs: x * 2.0 - 1.0))
/users/mazhanyu/Projects/Marigold/src/util/ps_lazydataset.py:691: UserWarning: Using lambda is incompatible with multiprocessing. Consider using regular functions or partial().
  unit_rescale_target = A.Lambda(image=lambda x, **kwargs: x * self.unit_scale_ratio)
/users/mazhanyu/Projects/Marigold/src/util/ps_lazydataset.py:683: UserWarning: Using lambda is incompatible with multiprocessing. Consider using regular functions or partial().
  transform_list_input_hr.append(A.Lambda(image=lambda x, **kwargs: x * 2.0 - 1.0))
/users/mazhanyu/Projects/Marigold/src/util/ps_lazydataset.py:703: UserWarning: Using lambda is incompatible with multiprocessing. Consider using regular functions or partial().
  transform_list_target.append(A.Lambda(image=lambda x, **kwargs: x * 2.0 - 1.0))
/users/mazhanyu/Projects/Marigold/src/util/ps_lazydataset.py:690: UserWarning: Using lambda is incompatible with multiprocessing. Consider using regular functions or partial().
  scale_target = A.Lambda(image=lambda x, **kwargs: x * 1e+6)
/users/mazhanyu/Projects/Marigold/src/util/ps_lazydataset.py:691: UserWarning: Using lambda is incompatible with multiprocessing. Consider using regular functions or partial().
  unit_rescale_target = A.Lambda(image=lambda x, **kwargs: x * self.unit_scale_ratio)
/users/mazhanyu/Projects/Marigold/src/util/ps_lazydataset.py:703: UserWarning: Using lambda is incompatible with multiprocessing. Consider using regular functions or partial().
  transform_list_target.append(A.Lambda(image=lambda x, **kwargs: x * 2.0 - 1.0))
/users/mazhanyu/Projects/Marigold/src/util/ps_lazydataset.py:657: UserWarning: Using lambda is incompatible with multiprocessing. Consider using regular functions or partial().
  transform_list_input.append(A.Lambda(image=lambda x, **kwargs: x * 2.0 - 1.0))
/users/mazhanyu/Projects/Marigold/src/util/ps_lazydataset.py:657: UserWarning: Using lambda is incompatible with multiprocessing. Consider using regular functions or partial().
  transform_list_input.append(A.Lambda(image=lambda x, **kwargs: x * 2.0 - 1.0))
/users/mazhanyu/Projects/Marigold/src/util/ps_lazydataset.py:657: UserWarning: Using lambda is incompatible with multiprocessing. Consider using regular functions or partial().
  transform_list_input.append(A.Lambda(image=lambda x, **kwargs: x * 2.0 - 1.0))
/users/mazhanyu/Projects/Marigold/src/util/ps_lazydataset.py:657: UserWarning: Using lambda is incompatible with multiprocessing. Consider using regular functions or partial().
  transform_list_input.append(A.Lambda(image=lambda x, **kwargs: x * 2.0 - 1.0))
/users/mazhanyu/Projects/Marigold/src/util/ps_lazydataset.py:657: UserWarning: Using lambda is incompatible with multiprocessing. Consider using regular functions or partial().
  transform_list_input.append(A.Lambda(image=lambda x, **kwargs: x * 2.0 - 1.0))
/users/mazhanyu/Projects/Marigold/src/util/ps_lazydataset.py:657: UserWarning: Using lambda is incompatible with multiprocessing. Consider using regular functions or partial().
  transform_list_input.append(A.Lambda(image=lambda x, **kwargs: x * 2.0 - 1.0))
/users/mazhanyu/Projects/Marigold/src/util/ps_lazydataset.py:683: UserWarning: Using lambda is incompatible with multiprocessing. Consider using regular functions or partial().
  transform_list_input_hr.append(A.Lambda(image=lambda x, **kwargs: x * 2.0 - 1.0))
/users/mazhanyu/Projects/Marigold/src/util/ps_lazydataset.py:683: UserWarning: Using lambda is incompatible with multiprocessing. Consider using regular functions or partial().
  transform_list_input_hr.append(A.Lambda(image=lambda x, **kwargs: x * 2.0 - 1.0))
/users/mazhanyu/Projects/Marigold/src/util/ps_lazydataset.py:683: UserWarning: Using lambda is incompatible with multiprocessing. Consider using regular functions or partial().
  transform_list_input_hr.append(A.Lambda(image=lambda x, **kwargs: x * 2.0 - 1.0))
/users/mazhanyu/Projects/Marigold/src/util/ps_lazydataset.py:683: UserWarning: Using lambda is incompatible with multiprocessing. Consider using regular functions or partial().
  transform_list_input_hr.append(A.Lambda(image=lambda x, **kwargs: x * 2.0 - 1.0))
/users/mazhanyu/Projects/Marigold/src/util/ps_lazydataset.py:690: UserWarning: Using lambda is incompatible with multiprocessing. Consider using regular functions or partial().
  scale_target = A.Lambda(image=lambda x, **kwargs: x * 1e+6)
/users/mazhanyu/Projects/Marigold/src/util/ps_lazydataset.py:690: UserWarning: Using lambda is incompatible with multiprocessing. Consider using regular functions or partial().
  scale_target = A.Lambda(image=lambda x, **kwargs: x * 1e+6)
/users/mazhanyu/Projects/Marigold/src/util/ps_lazydataset.py:690: UserWarning: Using lambda is incompatible with multiprocessing. Consider using regular functions or partial().
  scale_target = A.Lambda(image=lambda x, **kwargs: x * 1e+6)
/users/mazhanyu/Projects/Marigold/src/util/ps_lazydataset.py:691: UserWarning: Using lambda is incompatible with multiprocessing. Consider using regular functions or partial().
  unit_rescale_target = A.Lambda(image=lambda x, **kwargs: x * self.unit_scale_ratio)
/users/mazhanyu/Projects/Marigold/src/util/ps_lazydataset.py:691: UserWarning: Using lambda is incompatible with multiprocessing. Consider using regular functions or partial().
  unit_rescale_target = A.Lambda(image=lambda x, **kwargs: x * self.unit_scale_ratio)
/users/mazhanyu/Projects/Marigold/src/util/ps_lazydataset.py:690: UserWarning: Using lambda is incompatible with multiprocessing. Consider using regular functions or partial().
  scale_target = A.Lambda(image=lambda x, **kwargs: x * 1e+6)
/users/mazhanyu/Projects/Marigold/src/util/ps_lazydataset.py:691: UserWarning: Using lambda is incompatible with multiprocessing. Consider using regular functions or partial().
  unit_rescale_target = A.Lambda(image=lambda x, **kwargs: x * self.unit_scale_ratio)
/users/mazhanyu/Projects/Marigold/src/util/ps_lazydataset.py:683: UserWarning: Using lambda is incompatible with multiprocessing. Consider using regular functions or partial().
  transform_list_input_hr.append(A.Lambda(image=lambda x, **kwargs: x * 2.0 - 1.0))
/users/mazhanyu/Projects/Marigold/src/util/ps_lazydataset.py:703: UserWarning: Using lambda is incompatible with multiprocessing. Consider using regular functions or partial().
  transform_list_target.append(A.Lambda(image=lambda x, **kwargs: x * 2.0 - 1.0))
/users/mazhanyu/Projects/Marigold/src/util/ps_lazydataset.py:691: UserWarning: Using lambda is incompatible with multiprocessing. Consider using regular functions or partial().
  unit_rescale_target = A.Lambda(image=lambda x, **kwargs: x * self.unit_scale_ratio)
/users/mazhanyu/Projects/Marigold/src/util/ps_lazydataset.py:683: UserWarning: Using lambda is incompatible with multiprocessing. Consider using regular functions or partial().
  transform_list_input_hr.append(A.Lambda(image=lambda x, **kwargs: x * 2.0 - 1.0))
/users/mazhanyu/Projects/Marigold/src/util/ps_lazydataset.py:703: UserWarning: Using lambda is incompatible with multiprocessing. Consider using regular functions or partial().
  transform_list_target.append(A.Lambda(image=lambda x, **kwargs: x * 2.0 - 1.0))
/users/mazhanyu/Projects/Marigold/src/util/ps_lazydataset.py:657: UserWarning: Using lambda is incompatible with multiprocessing. Consider using regular functions or partial().
  transform_list_input.append(A.Lambda(image=lambda x, **kwargs: x * 2.0 - 1.0))
/users/mazhanyu/Projects/Marigold/src/util/ps_lazydataset.py:703: UserWarning: Using lambda is incompatible with multiprocessing. Consider using regular functions or partial().
  transform_list_target.append(A.Lambda(image=lambda x, **kwargs: x * 2.0 - 1.0))
/users/mazhanyu/Projects/Marigold/src/util/ps_lazydataset.py:703: UserWarning: Using lambda is incompatible with multiprocessing. Consider using regular functions or partial().
  transform_list_target.append(A.Lambda(image=lambda x, **kwargs: x * 2.0 - 1.0))
/users/mazhanyu/Projects/Marigold/src/util/ps_lazydataset.py:690: UserWarning: Using lambda is incompatible with multiprocessing. Consider using regular functions or partial().
  scale_target = A.Lambda(image=lambda x, **kwargs: x * 1e+6)
/users/mazhanyu/Projects/Marigold/src/util/ps_lazydataset.py:690: UserWarning: Using lambda is incompatible with multiprocessing. Consider using regular functions or partial().
  scale_target = A.Lambda(image=lambda x, **kwargs: x * 1e+6)
/users/mazhanyu/Projects/Marigold/src/util/ps_lazydataset.py:691: UserWarning: Using lambda is incompatible with multiprocessing. Consider using regular functions or partial().
  unit_rescale_target = A.Lambda(image=lambda x, **kwargs: x * self.unit_scale_ratio)
/users/mazhanyu/Projects/Marigold/src/util/ps_lazydataset.py:691: UserWarning: Using lambda is incompatible with multiprocessing. Consider using regular functions or partial().
  unit_rescale_target = A.Lambda(image=lambda x, **kwargs: x * self.unit_scale_ratio)
/users/mazhanyu/Projects/Marigold/src/util/ps_lazydataset.py:703: UserWarning: Using lambda is incompatible with multiprocessing. Consider using regular functions or partial().
  transform_list_target.append(A.Lambda(image=lambda x, **kwargs: x * 2.0 - 1.0))
/users/mazhanyu/Projects/Marigold/src/util/ps_lazydataset.py:657: UserWarning: Using lambda is incompatible with multiprocessing. Consider using regular functions or partial().
  transform_list_input.append(A.Lambda(image=lambda x, **kwargs: x * 2.0 - 1.0))
/users/mazhanyu/Projects/Marigold/src/util/ps_lazydataset.py:657: UserWarning: Using lambda is incompatible with multiprocessing. Consider using regular functions or partial().
  transform_list_input.append(A.Lambda(image=lambda x, **kwargs: x * 2.0 - 1.0))
/users/mazhanyu/Projects/Marigold/src/util/ps_lazydataset.py:703: UserWarning: Using lambda is incompatible with multiprocessing. Consider using regular functions or partial().
  transform_list_target.append(A.Lambda(image=lambda x, **kwargs: x * 2.0 - 1.0))
/users/mazhanyu/Projects/Marigold/src/util/ps_lazydataset.py:657: UserWarning: Using lambda is incompatible with multiprocessing. Consider using regular functions or partial().
  transform_list_input.append(A.Lambda(image=lambda x, **kwargs: x * 2.0 - 1.0))
/users/mazhanyu/Projects/Marigold/src/util/ps_lazydataset.py:657: UserWarning: Using lambda is incompatible with multiprocessing. Consider using regular functions or partial().
  transform_list_input.append(A.Lambda(image=lambda x, **kwargs: x * 2.0 - 1.0))
/users/mazhanyu/Projects/Marigold/src/util/ps_lazydataset.py:657: UserWarning: Using lambda is incompatible with multiprocessing. Consider using regular functions or partial().
  transform_list_input.append(A.Lambda(image=lambda x, **kwargs: x * 2.0 - 1.0))
/users/mazhanyu/Projects/Marigold/src/util/ps_lazydataset.py:683: UserWarning: Using lambda is incompatible with multiprocessing. Consider using regular functions or partial().
  transform_list_input_hr.append(A.Lambda(image=lambda x, **kwargs: x * 2.0 - 1.0))
/users/mazhanyu/Projects/Marigold/src/util/ps_lazydataset.py:690: UserWarning: Using lambda is incompatible with multiprocessing. Consider using regular functions or partial().
  scale_target = A.Lambda(image=lambda x, **kwargs: x * 1e+6)
/users/mazhanyu/Projects/Marigold/src/util/ps_lazydataset.py:691: UserWarning: Using lambda is incompatible with multiprocessing. Consider using regular functions or partial().
  unit_rescale_target = A.Lambda(image=lambda x, **kwargs: x * self.unit_scale_ratio)
/users/mazhanyu/Projects/Marigold/src/util/ps_lazydataset.py:683: UserWarning: Using lambda is incompatible with multiprocessing. Consider using regular functions or partial().
  transform_list_input_hr.append(A.Lambda(image=lambda x, **kwargs: x * 2.0 - 1.0))
/users/mazhanyu/Projects/Marigold/src/util/ps_lazydataset.py:703: UserWarning: Using lambda is incompatible with multiprocessing. Consider using regular functions or partial().
  transform_list_target.append(A.Lambda(image=lambda x, **kwargs: x * 2.0 - 1.0))
/users/mazhanyu/Projects/Marigold/src/util/ps_lazydataset.py:657: UserWarning: Using lambda is incompatible with multiprocessing. Consider using regular functions or partial().
  transform_list_input.append(A.Lambda(image=lambda x, **kwargs: x * 2.0 - 1.0))
/users/mazhanyu/Projects/Marigold/src/util/ps_lazydataset.py:657: UserWarning: Using lambda is incompatible with multiprocessing. Consider using regular functions or partial().
  transform_list_input.append(A.Lambda(image=lambda x, **kwargs: x * 2.0 - 1.0))
/users/mazhanyu/Projects/Marigold/src/util/ps_lazydataset.py:683: UserWarning: Using lambda is incompatible with multiprocessing. Consider using regular functions or partial().
  transform_list_input_hr.append(A.Lambda(image=lambda x, **kwargs: x * 2.0 - 1.0))
/users/mazhanyu/Projects/Marigold/src/util/ps_lazydataset.py:657: UserWarning: Using lambda is incompatible with multiprocessing. Consider using regular functions or partial().
  transform_list_input.append(A.Lambda(image=lambda x, **kwargs: x * 2.0 - 1.0))
/users/mazhanyu/Projects/Marigold/src/util/ps_lazydataset.py:683: UserWarning: Using lambda is incompatible with multiprocessing. Consider using regular functions or partial().
  transform_list_input_hr.append(A.Lambda(image=lambda x, **kwargs: x * 2.0 - 1.0))
/users/mazhanyu/Projects/Marigold/src/util/ps_lazydataset.py:683: UserWarning: Using lambda is incompatible with multiprocessing. Consider using regular functions or partial().
  transform_list_input_hr.append(A.Lambda(image=lambda x, **kwargs: x * 2.0 - 1.0))
/users/mazhanyu/Projects/Marigold/src/util/ps_lazydataset.py:683: UserWarning: Using lambda is incompatible with multiprocessing. Consider using regular functions or partial().
  transform_list_input_hr.append(A.Lambda(image=lambda x, **kwargs: x * 2.0 - 1.0))
/users/mazhanyu/Projects/Marigold/src/util/ps_lazydataset.py:657: UserWarning: Using lambda is incompatible with multiprocessing. Consider using regular functions or partial().
  transform_list_input.append(A.Lambda(image=lambda x, **kwargs: x * 2.0 - 1.0))
/users/mazhanyu/Projects/Marigold/src/util/ps_lazydataset.py:690: UserWarning: Using lambda is incompatible with multiprocessing. Consider using regular functions or partial().
  scale_target = A.Lambda(image=lambda x, **kwargs: x * 1e+6)
/users/mazhanyu/Projects/Marigold/src/util/ps_lazydataset.py:691: UserWarning: Using lambda is incompatible with multiprocessing. Consider using regular functions or partial().
  unit_rescale_target = A.Lambda(image=lambda x, **kwargs: x * self.unit_scale_ratio)
/users/mazhanyu/Projects/Marigold/src/util/ps_lazydataset.py:690: UserWarning: Using lambda is incompatible with multiprocessing. Consider using regular functions or partial().
  scale_target = A.Lambda(image=lambda x, **kwargs: x * 1e+6)
/users/mazhanyu/Projects/Marigold/src/util/ps_lazydataset.py:690: UserWarning: Using lambda is incompatible with multiprocessing. Consider using regular functions or partial().
  scale_target = A.Lambda(image=lambda x, **kwargs: x * 1e+6)
/users/mazhanyu/Projects/Marigold/src/util/ps_lazydataset.py:690: UserWarning: Using lambda is incompatible with multiprocessing. Consider using regular functions or partial().
  scale_target = A.Lambda(image=lambda x, **kwargs: x * 1e+6)
/users/mazhanyu/Projects/Marigold/src/util/ps_lazydataset.py:691: UserWarning: Using lambda is incompatible with multiprocessing. Consider using regular functions or partial().
  unit_rescale_target = A.Lambda(image=lambda x, **kwargs: x * self.unit_scale_ratio)
/users/mazhanyu/Projects/Marigold/src/util/ps_lazydataset.py:691: UserWarning: Using lambda is incompatible with multiprocessing. Consider using regular functions or partial().
  unit_rescale_target = A.Lambda(image=lambda x, **kwargs: x * self.unit_scale_ratio)
/users/mazhanyu/Projects/Marigold/src/util/ps_lazydataset.py:690: UserWarning: Using lambda is incompatible with multiprocessing. Consider using regular functions or partial().
  scale_target = A.Lambda(image=lambda x, **kwargs: x * 1e+6)
/users/mazhanyu/Projects/Marigold/src/util/ps_lazydataset.py:703: UserWarning: Using lambda is incompatible with multiprocessing. Consider using regular functions or partial().
  transform_list_target.append(A.Lambda(image=lambda x, **kwargs: x * 2.0 - 1.0))
/users/mazhanyu/Projects/Marigold/src/util/ps_lazydataset.py:691: UserWarning: Using lambda is incompatible with multiprocessing. Consider using regular functions or partial().
  unit_rescale_target = A.Lambda(image=lambda x, **kwargs: x * self.unit_scale_ratio)
/users/mazhanyu/Projects/Marigold/src/util/ps_lazydataset.py:691: UserWarning: Using lambda is incompatible with multiprocessing. Consider using regular functions or partial().
  unit_rescale_target = A.Lambda(image=lambda x, **kwargs: x * self.unit_scale_ratio)
/users/mazhanyu/Projects/Marigold/src/util/ps_lazydataset.py:703: UserWarning: Using lambda is incompatible with multiprocessing. Consider using regular functions or partial().
  transform_list_target.append(A.Lambda(image=lambda x, **kwargs: x * 2.0 - 1.0))
/users/mazhanyu/Projects/Marigold/src/util/ps_lazydataset.py:703: UserWarning: Using lambda is incompatible with multiprocessing. Consider using regular functions or partial().
  transform_list_target.append(A.Lambda(image=lambda x, **kwargs: x * 2.0 - 1.0))
/users/mazhanyu/Projects/Marigold/src/util/ps_lazydataset.py:703: UserWarning: Using lambda is incompatible with multiprocessing. Consider using regular functions or partial().
  transform_list_target.append(A.Lambda(image=lambda x, **kwargs: x * 2.0 - 1.0))
/users/mazhanyu/Projects/Marigold/src/util/ps_lazydataset.py:703: UserWarning: Using lambda is incompatible with multiprocessing. Consider using regular functions or partial().
  transform_list_target.append(A.Lambda(image=lambda x, **kwargs: x * 2.0 - 1.0))
/users/mazhanyu/Projects/Marigold/src/util/ps_lazydataset.py:683: UserWarning: Using lambda is incompatible with multiprocessing. Consider using regular functions or partial().
  transform_list_input_hr.append(A.Lambda(image=lambda x, **kwargs: x * 2.0 - 1.0))
/users/mazhanyu/Projects/Marigold/src/util/ps_lazydataset.py:683: UserWarning: Using lambda is incompatible with multiprocessing. Consider using regular functions or partial().
  transform_list_input_hr.append(A.Lambda(image=lambda x, **kwargs: x * 2.0 - 1.0))
/users/mazhanyu/Projects/Marigold/src/util/ps_lazydataset.py:683: UserWarning: Using lambda is incompatible with multiprocessing. Consider using regular functions or partial().
  transform_list_input_hr.append(A.Lambda(image=lambda x, **kwargs: x * 2.0 - 1.0))
/users/mazhanyu/Projects/Marigold/src/util/ps_lazydataset.py:690: UserWarning: Using lambda is incompatible with multiprocessing. Consider using regular functions or partial().
  scale_target = A.Lambda(image=lambda x, **kwargs: x * 1e+6)
/users/mazhanyu/Projects/Marigold/src/util/ps_lazydataset.py:690: UserWarning: Using lambda is incompatible with multiprocessing. Consider using regular functions or partial().
  scale_target = A.Lambda(image=lambda x, **kwargs: x * 1e+6)
/users/mazhanyu/Projects/Marigold/src/util/ps_lazydataset.py:690: UserWarning: Using lambda is incompatible with multiprocessing. Consider using regular functions or partial().
  scale_target = A.Lambda(image=lambda x, **kwargs: x * 1e+6)
/users/mazhanyu/Projects/Marigold/src/util/ps_lazydataset.py:683: UserWarning: Using lambda is incompatible with multiprocessing. Consider using regular functions or partial().
  transform_list_input_hr.append(A.Lambda(image=lambda x, **kwargs: x * 2.0 - 1.0))
/users/mazhanyu/Projects/Marigold/src/util/ps_lazydataset.py:691: UserWarning: Using lambda is incompatible with multiprocessing. Consider using regular functions or partial().
  unit_rescale_target = A.Lambda(image=lambda x, **kwargs: x * self.unit_scale_ratio)
/users/mazhanyu/Projects/Marigold/src/util/ps_lazydataset.py:691: UserWarning: Using lambda is incompatible with multiprocessing. Consider using regular functions or partial().
  unit_rescale_target = A.Lambda(image=lambda x, **kwargs: x * self.unit_scale_ratio)
/users/mazhanyu/Projects/Marigold/src/util/ps_lazydataset.py:691: UserWarning: Using lambda is incompatible with multiprocessing. Consider using regular functions or partial().
  unit_rescale_target = A.Lambda(image=lambda x, **kwargs: x * self.unit_scale_ratio)
/users/mazhanyu/Projects/Marigold/src/util/ps_lazydataset.py:703: UserWarning: Using lambda is incompatible with multiprocessing. Consider using regular functions or partial().
  transform_list_target.append(A.Lambda(image=lambda x, **kwargs: x * 2.0 - 1.0))
/users/mazhanyu/Projects/Marigold/src/util/ps_lazydataset.py:703: UserWarning: Using lambda is incompatible with multiprocessing. Consider using regular functions or partial().
  transform_list_target.append(A.Lambda(image=lambda x, **kwargs: x * 2.0 - 1.0))
/users/mazhanyu/Projects/Marigold/src/util/ps_lazydataset.py:703: UserWarning: Using lambda is incompatible with multiprocessing. Consider using regular functions or partial().
  transform_list_target.append(A.Lambda(image=lambda x, **kwargs: x * 2.0 - 1.0))
/users/mazhanyu/Projects/Marigold/src/util/ps_lazydataset.py:690: UserWarning: Using lambda is incompatible with multiprocessing. Consider using regular functions or partial().
  scale_target = A.Lambda(image=lambda x, **kwargs: x * 1e+6)
/users/mazhanyu/Projects/Marigold/src/util/ps_lazydataset.py:691: UserWarning: Using lambda is incompatible with multiprocessing. Consider using regular functions or partial().
  unit_rescale_target = A.Lambda(image=lambda x, **kwargs: x * self.unit_scale_ratio)
/users/mazhanyu/Projects/Marigold/src/util/ps_lazydataset.py:703: UserWarning: Using lambda is incompatible with multiprocessing. Consider using regular functions or partial().
  transform_list_target.append(A.Lambda(image=lambda x, **kwargs: x * 2.0 - 1.0))
/users/mazhanyu/Projects/Marigold/src/util/ps_lazydataset.py:657: UserWarning: Using lambda is incompatible with multiprocessing. Consider using regular functions or partial().
  transform_list_input.append(A.Lambda(image=lambda x, **kwargs: x * 2.0 - 1.0))
/users/mazhanyu/Projects/Marigold/src/util/ps_lazydataset.py:657: UserWarning: Using lambda is incompatible with multiprocessing. Consider using regular functions or partial().
  transform_list_input.append(A.Lambda(image=lambda x, **kwargs: x * 2.0 - 1.0))
/users/mazhanyu/Projects/Marigold/src/util/ps_lazydataset.py:657: UserWarning: Using lambda is incompatible with multiprocessing. Consider using regular functions or partial().
  transform_list_input.append(A.Lambda(image=lambda x, **kwargs: x * 2.0 - 1.0))
/users/mazhanyu/Projects/Marigold/src/util/ps_lazydataset.py:683: UserWarning: Using lambda is incompatible with multiprocessing. Consider using regular functions or partial().
  transform_list_input_hr.append(A.Lambda(image=lambda x, **kwargs: x * 2.0 - 1.0))
/users/mazhanyu/Projects/Marigold/src/util/ps_lazydataset.py:657: UserWarning: Using lambda is incompatible with multiprocessing. Consider using regular functions or partial().
  transform_list_input.append(A.Lambda(image=lambda x, **kwargs: x * 2.0 - 1.0))
/users/mazhanyu/Projects/Marigold/src/util/ps_lazydataset.py:690: UserWarning: Using lambda is incompatible with multiprocessing. Consider using regular functions or partial().
  scale_target = A.Lambda(image=lambda x, **kwargs: x * 1e+6)
/users/mazhanyu/Projects/Marigold/src/util/ps_lazydataset.py:691: UserWarning: Using lambda is incompatible with multiprocessing. Consider using regular functions or partial().
  unit_rescale_target = A.Lambda(image=lambda x, **kwargs: x * self.unit_scale_ratio)
/users/mazhanyu/Projects/Marigold/src/util/ps_lazydataset.py:703: UserWarning: Using lambda is incompatible with multiprocessing. Consider using regular functions or partial().
  transform_list_target.append(A.Lambda(image=lambda x, **kwargs: x * 2.0 - 1.0))
/users/mazhanyu/Projects/Marigold/src/util/ps_lazydataset.py:683: UserWarning: Using lambda is incompatible with multiprocessing. Consider using regular functions or partial().
  transform_list_input_hr.append(A.Lambda(image=lambda x, **kwargs: x * 2.0 - 1.0))
/users/mazhanyu/Projects/Marigold/src/util/ps_lazydataset.py:683: UserWarning: Using lambda is incompatible with multiprocessing. Consider using regular functions or partial().
  transform_list_input_hr.append(A.Lambda(image=lambda x, **kwargs: x * 2.0 - 1.0))
/users/mazhanyu/Projects/Marigold/src/util/ps_lazydataset.py:683: UserWarning: Using lambda is incompatible with multiprocessing. Consider using regular functions or partial().
  transform_list_input_hr.append(A.Lambda(image=lambda x, **kwargs: x * 2.0 - 1.0))
/users/mazhanyu/Projects/Marigold/src/util/ps_lazydataset.py:690: UserWarning: Using lambda is incompatible with multiprocessing. Consider using regular functions or partial().
  scale_target = A.Lambda(image=lambda x, **kwargs: x * 1e+6)
/users/mazhanyu/Projects/Marigold/src/util/ps_lazydataset.py:691: UserWarning: Using lambda is incompatible with multiprocessing. Consider using regular functions or partial().
  unit_rescale_target = A.Lambda(image=lambda x, **kwargs: x * self.unit_scale_ratio)
/users/mazhanyu/Projects/Marigold/src/util/ps_lazydataset.py:690: UserWarning: Using lambda is incompatible with multiprocessing. Consider using regular functions or partial().
  scale_target = A.Lambda(image=lambda x, **kwargs: x * 1e+6)
/users/mazhanyu/Projects/Marigold/src/util/ps_lazydataset.py:703: UserWarning: Using lambda is incompatible with multiprocessing. Consider using regular functions or partial().
  transform_list_target.append(A.Lambda(image=lambda x, **kwargs: x * 2.0 - 1.0))
/users/mazhanyu/Projects/Marigold/src/util/ps_lazydataset.py:691: UserWarning: Using lambda is incompatible with multiprocessing. Consider using regular functions or partial().
  unit_rescale_target = A.Lambda(image=lambda x, **kwargs: x * self.unit_scale_ratio)
/users/mazhanyu/Projects/Marigold/src/util/ps_lazydataset.py:657: UserWarning: Using lambda is incompatible with multiprocessing. Consider using regular functions or partial().
  transform_list_input.append(A.Lambda(image=lambda x, **kwargs: x * 2.0 - 1.0))
/users/mazhanyu/Projects/Marigold/src/util/ps_lazydataset.py:690: UserWarning: Using lambda is incompatible with multiprocessing. Consider using regular functions or partial().
  scale_target = A.Lambda(image=lambda x, **kwargs: x * 1e+6)
/users/mazhanyu/Projects/Marigold/src/util/ps_lazydataset.py:691: UserWarning: Using lambda is incompatible with multiprocessing. Consider using regular functions or partial().
  unit_rescale_target = A.Lambda(image=lambda x, **kwargs: x * self.unit_scale_ratio)
/users/mazhanyu/Projects/Marigold/src/util/ps_lazydataset.py:703: UserWarning: Using lambda is incompatible with multiprocessing. Consider using regular functions or partial().
  transform_list_target.append(A.Lambda(image=lambda x, **kwargs: x * 2.0 - 1.0))
/users/mazhanyu/Projects/Marigold/src/util/ps_lazydataset.py:657: UserWarning: Using lambda is incompatible with multiprocessing. Consider using regular functions or partial().
  transform_list_input.append(A.Lambda(image=lambda x, **kwargs: x * 2.0 - 1.0))
/users/mazhanyu/Projects/Marigold/src/util/ps_lazydataset.py:703: UserWarning: Using lambda is incompatible with multiprocessing. Consider using regular functions or partial().
  transform_list_target.append(A.Lambda(image=lambda x, **kwargs: x * 2.0 - 1.0))
/users/mazhanyu/Projects/Marigold/src/util/ps_lazydataset.py:683: UserWarning: Using lambda is incompatible with multiprocessing. Consider using regular functions or partial().
  transform_list_input_hr.append(A.Lambda(image=lambda x, **kwargs: x * 2.0 - 1.0))
/users/mazhanyu/Projects/Marigold/src/util/ps_lazydataset.py:657: UserWarning: Using lambda is incompatible with multiprocessing. Consider using regular functions or partial().
  transform_list_input.append(A.Lambda(image=lambda x, **kwargs: x * 2.0 - 1.0))
/users/mazhanyu/Projects/Marigold/src/util/ps_lazydataset.py:657: UserWarning: Using lambda is incompatible with multiprocessing. Consider using regular functions or partial().
  transform_list_input.append(A.Lambda(image=lambda x, **kwargs: x * 2.0 - 1.0))
/users/mazhanyu/Projects/Marigold/src/util/ps_lazydataset.py:657: UserWarning: Using lambda is incompatible with multiprocessing. Consider using regular functions or partial().
  transform_list_input.append(A.Lambda(image=lambda x, **kwargs: x * 2.0 - 1.0))
/users/mazhanyu/Projects/Marigold/src/util/ps_lazydataset.py:683: UserWarning: Using lambda is incompatible with multiprocessing. Consider using regular functions or partial().
  transform_list_input_hr.append(A.Lambda(image=lambda x, **kwargs: x * 2.0 - 1.0))
/users/mazhanyu/Projects/Marigold/src/util/ps_lazydataset.py:690: UserWarning: Using lambda is incompatible with multiprocessing. Consider using regular functions or partial().
  scale_target = A.Lambda(image=lambda x, **kwargs: x * 1e+6)
/users/mazhanyu/Projects/Marigold/src/util/ps_lazydataset.py:691: UserWarning: Using lambda is incompatible with multiprocessing. Consider using regular functions or partial().
  unit_rescale_target = A.Lambda(image=lambda x, **kwargs: x * self.unit_scale_ratio)
/users/mazhanyu/Projects/Marigold/src/util/ps_lazydataset.py:703: UserWarning: Using lambda is incompatible with multiprocessing. Consider using regular functions or partial().
  transform_list_target.append(A.Lambda(image=lambda x, **kwargs: x * 2.0 - 1.0))
/users/mazhanyu/Projects/Marigold/src/util/ps_lazydataset.py:690: UserWarning: Using lambda is incompatible with multiprocessing. Consider using regular functions or partial().
  scale_target = A.Lambda(image=lambda x, **kwargs: x * 1e+6)
/users/mazhanyu/Projects/Marigold/src/util/ps_lazydataset.py:691: UserWarning: Using lambda is incompatible with multiprocessing. Consider using regular functions or partial().
  unit_rescale_target = A.Lambda(image=lambda x, **kwargs: x * self.unit_scale_ratio)
/users/mazhanyu/Projects/Marigold/src/util/ps_lazydataset.py:703: UserWarning: Using lambda is incompatible with multiprocessing. Consider using regular functions or partial().
  transform_list_target.append(A.Lambda(image=lambda x, **kwargs: x * 2.0 - 1.0))
/users/mazhanyu/Projects/Marigold/src/util/ps_lazydataset.py:683: UserWarning: Using lambda is incompatible with multiprocessing. Consider using regular functions or partial().
  transform_list_input_hr.append(A.Lambda(image=lambda x, **kwargs: x * 2.0 - 1.0))
/users/mazhanyu/Projects/Marigold/src/util/ps_lazydataset.py:683: UserWarning: Using lambda is incompatible with multiprocessing. Consider using regular functions or partial().
  transform_list_input_hr.append(A.Lambda(image=lambda x, **kwargs: x * 2.0 - 1.0))
/users/mazhanyu/Projects/Marigold/src/util/ps_lazydataset.py:657: UserWarning: Using lambda is incompatible with multiprocessing. Consider using regular functions or partial().
  transform_list_input.append(A.Lambda(image=lambda x, **kwargs: x * 2.0 - 1.0))
/users/mazhanyu/Projects/Marigold/src/util/ps_lazydataset.py:683: UserWarning: Using lambda is incompatible with multiprocessing. Consider using regular functions or partial().
  transform_list_input_hr.append(A.Lambda(image=lambda x, **kwargs: x * 2.0 - 1.0))
/users/mazhanyu/Projects/Marigold/src/util/ps_lazydataset.py:657: UserWarning: Using lambda is incompatible with multiprocessing. Consider using regular functions or partial().
  transform_list_input.append(A.Lambda(image=lambda x, **kwargs: x * 2.0 - 1.0))
/users/mazhanyu/Projects/Marigold/src/util/ps_lazydataset.py:657: UserWarning: Using lambda is incompatible with multiprocessing. Consider using regular functions or partial().
  transform_list_input.append(A.Lambda(image=lambda x, **kwargs: x * 2.0 - 1.0))
/users/mazhanyu/Projects/Marigold/src/util/ps_lazydataset.py:657: UserWarning: Using lambda is incompatible with multiprocessing. Consider using regular functions or partial().
  transform_list_input.append(A.Lambda(image=lambda x, **kwargs: x * 2.0 - 1.0))
/users/mazhanyu/Projects/Marigold/src/util/ps_lazydataset.py:690: UserWarning: Using lambda is incompatible with multiprocessing. Consider using regular functions or partial().
  scale_target = A.Lambda(image=lambda x, **kwargs: x * 1e+6)
/users/mazhanyu/Projects/Marigold/src/util/ps_lazydataset.py:690: UserWarning: Using lambda is incompatible with multiprocessing. Consider using regular functions or partial().
  scale_target = A.Lambda(image=lambda x, **kwargs: x * 1e+6)
/users/mazhanyu/Projects/Marigold/src/util/ps_lazydataset.py:657: UserWarning: Using lambda is incompatible with multiprocessing. Consider using regular functions or partial().
  transform_list_input.append(A.Lambda(image=lambda x, **kwargs: x * 2.0 - 1.0))
/users/mazhanyu/Projects/Marigold/src/util/ps_lazydataset.py:691: UserWarning: Using lambda is incompatible with multiprocessing. Consider using regular functions or partial().
  unit_rescale_target = A.Lambda(image=lambda x, **kwargs: x * self.unit_scale_ratio)
/users/mazhanyu/Projects/Marigold/src/util/ps_lazydataset.py:691: UserWarning: Using lambda is incompatible with multiprocessing. Consider using regular functions or partial().
  unit_rescale_target = A.Lambda(image=lambda x, **kwargs: x * self.unit_scale_ratio)
/users/mazhanyu/Projects/Marigold/src/util/ps_lazydataset.py:690: UserWarning: Using lambda is incompatible with multiprocessing. Consider using regular functions or partial().
  scale_target = A.Lambda(image=lambda x, **kwargs: x * 1e+6)
/users/mazhanyu/Projects/Marigold/src/util/ps_lazydataset.py:691: UserWarning: Using lambda is incompatible with multiprocessing. Consider using regular functions or partial().
  unit_rescale_target = A.Lambda(image=lambda x, **kwargs: x * self.unit_scale_ratio)
/users/mazhanyu/Projects/Marigold/src/util/ps_lazydataset.py:703: UserWarning: Using lambda is incompatible with multiprocessing. Consider using regular functions or partial().
  transform_list_target.append(A.Lambda(image=lambda x, **kwargs: x * 2.0 - 1.0))
/users/mazhanyu/Projects/Marigold/src/util/ps_lazydataset.py:703: UserWarning: Using lambda is incompatible with multiprocessing. Consider using regular functions or partial().
  transform_list_target.append(A.Lambda(image=lambda x, **kwargs: x * 2.0 - 1.0))
/users/mazhanyu/Projects/Marigold/src/util/ps_lazydataset.py:657: UserWarning: Using lambda is incompatible with multiprocessing. Consider using regular functions or partial().
  transform_list_input.append(A.Lambda(image=lambda x, **kwargs: x * 2.0 - 1.0))
/users/mazhanyu/Projects/Marigold/src/util/ps_lazydataset.py:703: UserWarning: Using lambda is incompatible with multiprocessing. Consider using regular functions or partial().
  transform_list_target.append(A.Lambda(image=lambda x, **kwargs: x * 2.0 - 1.0))
/users/mazhanyu/Projects/Marigold/src/util/ps_lazydataset.py:683: UserWarning: Using lambda is incompatible with multiprocessing. Consider using regular functions or partial().
  transform_list_input_hr.append(A.Lambda(image=lambda x, **kwargs: x * 2.0 - 1.0))
/users/mazhanyu/Projects/Marigold/src/util/ps_lazydataset.py:683: UserWarning: Using lambda is incompatible with multiprocessing. Consider using regular functions or partial().
  transform_list_input_hr.append(A.Lambda(image=lambda x, **kwargs: x * 2.0 - 1.0))
/users/mazhanyu/Projects/Marigold/src/util/ps_lazydataset.py:683: UserWarning: Using lambda is incompatible with multiprocessing. Consider using regular functions or partial().
  transform_list_input_hr.append(A.Lambda(image=lambda x, **kwargs: x * 2.0 - 1.0))
/users/mazhanyu/Projects/Marigold/src/util/ps_lazydataset.py:690: UserWarning: Using lambda is incompatible with multiprocessing. Consider using regular functions or partial().
  scale_target = A.Lambda(image=lambda x, **kwargs: x * 1e+6)
/users/mazhanyu/Projects/Marigold/src/util/ps_lazydataset.py:690: UserWarning: Using lambda is incompatible with multiprocessing. Consider using regular functions or partial().
  scale_target = A.Lambda(image=lambda x, **kwargs: x * 1e+6)
/users/mazhanyu/Projects/Marigold/src/util/ps_lazydataset.py:683: UserWarning: Using lambda is incompatible with multiprocessing. Consider using regular functions or partial().
  transform_list_input_hr.append(A.Lambda(image=lambda x, **kwargs: x * 2.0 - 1.0))
/users/mazhanyu/Projects/Marigold/src/util/ps_lazydataset.py:691: UserWarning: Using lambda is incompatible with multiprocessing. Consider using regular functions or partial().
  unit_rescale_target = A.Lambda(image=lambda x, **kwargs: x * self.unit_scale_ratio)
/users/mazhanyu/Projects/Marigold/src/util/ps_lazydataset.py:691: UserWarning: Using lambda is incompatible with multiprocessing. Consider using regular functions or partial().
  unit_rescale_target = A.Lambda(image=lambda x, **kwargs: x * self.unit_scale_ratio)
/users/mazhanyu/Projects/Marigold/src/util/ps_lazydataset.py:683: UserWarning: Using lambda is incompatible with multiprocessing. Consider using regular functions or partial().
  transform_list_input_hr.append(A.Lambda(image=lambda x, **kwargs: x * 2.0 - 1.0))
/users/mazhanyu/Projects/Marigold/src/util/ps_lazydataset.py:703: UserWarning: Using lambda is incompatible with multiprocessing. Consider using regular functions or partial().
  transform_list_target.append(A.Lambda(image=lambda x, **kwargs: x * 2.0 - 1.0))
/users/mazhanyu/Projects/Marigold/src/util/ps_lazydataset.py:703: UserWarning: Using lambda is incompatible with multiprocessing. Consider using regular functions or partial().
  transform_list_target.append(A.Lambda(image=lambda x, **kwargs: x * 2.0 - 1.0))
/users/mazhanyu/Projects/Marigold/src/util/ps_lazydataset.py:690: UserWarning: Using lambda is incompatible with multiprocessing. Consider using regular functions or partial().
  scale_target = A.Lambda(image=lambda x, **kwargs: x * 1e+6)
/users/mazhanyu/Projects/Marigold/src/util/ps_lazydataset.py:690: UserWarning: Using lambda is incompatible with multiprocessing. Consider using regular functions or partial().
  scale_target = A.Lambda(image=lambda x, **kwargs: x * 1e+6)
/users/mazhanyu/Projects/Marigold/src/util/ps_lazydataset.py:691: UserWarning: Using lambda is incompatible with multiprocessing. Consider using regular functions or partial().
  unit_rescale_target = A.Lambda(image=lambda x, **kwargs: x * self.unit_scale_ratio)
/users/mazhanyu/Projects/Marigold/src/util/ps_lazydataset.py:683: UserWarning: Using lambda is incompatible with multiprocessing. Consider using regular functions or partial().
  transform_list_input_hr.append(A.Lambda(image=lambda x, **kwargs: x * 2.0 - 1.0))
/users/mazhanyu/Projects/Marigold/src/util/ps_lazydataset.py:691: UserWarning: Using lambda is incompatible with multiprocessing. Consider using regular functions or partial().
  unit_rescale_target = A.Lambda(image=lambda x, **kwargs: x * self.unit_scale_ratio)
/users/mazhanyu/Projects/Marigold/src/util/ps_lazydataset.py:690: UserWarning: Using lambda is incompatible with multiprocessing. Consider using regular functions or partial().
  scale_target = A.Lambda(image=lambda x, **kwargs: x * 1e+6)
/users/mazhanyu/Projects/Marigold/src/util/ps_lazydataset.py:703: UserWarning: Using lambda is incompatible with multiprocessing. Consider using regular functions or partial().
  transform_list_target.append(A.Lambda(image=lambda x, **kwargs: x * 2.0 - 1.0))
/users/mazhanyu/Projects/Marigold/src/util/ps_lazydataset.py:691: UserWarning: Using lambda is incompatible with multiprocessing. Consider using regular functions or partial().
  unit_rescale_target = A.Lambda(image=lambda x, **kwargs: x * self.unit_scale_ratio)
/users/mazhanyu/Projects/Marigold/src/util/ps_lazydataset.py:703: UserWarning: Using lambda is incompatible with multiprocessing. Consider using regular functions or partial().
  transform_list_target.append(A.Lambda(image=lambda x, **kwargs: x * 2.0 - 1.0))
/users/mazhanyu/Projects/Marigold/src/util/ps_lazydataset.py:657: UserWarning: Using lambda is incompatible with multiprocessing. Consider using regular functions or partial().
  transform_list_input.append(A.Lambda(image=lambda x, **kwargs: x * 2.0 - 1.0))
/users/mazhanyu/Projects/Marigold/src/util/ps_lazydataset.py:703: UserWarning: Using lambda is incompatible with multiprocessing. Consider using regular functions or partial().
  transform_list_target.append(A.Lambda(image=lambda x, **kwargs: x * 2.0 - 1.0))
/users/mazhanyu/Projects/Marigold/src/util/ps_lazydataset.py:690: UserWarning: Using lambda is incompatible with multiprocessing. Consider using regular functions or partial().
  scale_target = A.Lambda(image=lambda x, **kwargs: x * 1e+6)
/users/mazhanyu/Projects/Marigold/src/util/ps_lazydataset.py:691: UserWarning: Using lambda is incompatible with multiprocessing. Consider using regular functions or partial().
  unit_rescale_target = A.Lambda(image=lambda x, **kwargs: x * self.unit_scale_ratio)
/users/mazhanyu/Projects/Marigold/src/util/ps_lazydataset.py:703: UserWarning: Using lambda is incompatible with multiprocessing. Consider using regular functions or partial().
  transform_list_target.append(A.Lambda(image=lambda x, **kwargs: x * 2.0 - 1.0))
/users/mazhanyu/Projects/Marigold/src/util/ps_lazydataset.py:657: UserWarning: Using lambda is incompatible with multiprocessing. Consider using regular functions or partial().
  transform_list_input.append(A.Lambda(image=lambda x, **kwargs: x * 2.0 - 1.0))
/users/mazhanyu/Projects/Marigold/src/util/ps_lazydataset.py:683: UserWarning: Using lambda is incompatible with multiprocessing. Consider using regular functions or partial().
  transform_list_input_hr.append(A.Lambda(image=lambda x, **kwargs: x * 2.0 - 1.0))
/users/mazhanyu/Projects/Marigold/src/util/ps_lazydataset.py:690: UserWarning: Using lambda is incompatible with multiprocessing. Consider using regular functions or partial().
  scale_target = A.Lambda(image=lambda x, **kwargs: x * 1e+6)
/users/mazhanyu/Projects/Marigold/src/util/ps_lazydataset.py:691: UserWarning: Using lambda is incompatible with multiprocessing. Consider using regular functions or partial().
  unit_rescale_target = A.Lambda(image=lambda x, **kwargs: x * self.unit_scale_ratio)
/users/mazhanyu/Projects/Marigold/src/util/ps_lazydataset.py:703: UserWarning: Using lambda is incompatible with multiprocessing. Consider using regular functions or partial().
  transform_list_target.append(A.Lambda(image=lambda x, **kwargs: x * 2.0 - 1.0))
/users/mazhanyu/Projects/Marigold/src/util/ps_lazydataset.py:683: UserWarning: Using lambda is incompatible with multiprocessing. Consider using regular functions or partial().
  transform_list_input_hr.append(A.Lambda(image=lambda x, **kwargs: x * 2.0 - 1.0))
/users/mazhanyu/Projects/Marigold/src/util/ps_lazydataset.py:690: UserWarning: Using lambda is incompatible with multiprocessing. Consider using regular functions or partial().
  scale_target = A.Lambda(image=lambda x, **kwargs: x * 1e+6)
/users/mazhanyu/Projects/Marigold/src/util/ps_lazydataset.py:691: UserWarning: Using lambda is incompatible with multiprocessing. Consider using regular functions or partial().
  unit_rescale_target = A.Lambda(image=lambda x, **kwargs: x * self.unit_scale_ratio)
/users/mazhanyu/Projects/Marigold/src/util/ps_lazydataset.py:657: UserWarning: Using lambda is incompatible with multiprocessing. Consider using regular functions or partial().
  transform_list_input.append(A.Lambda(image=lambda x, **kwargs: x * 2.0 - 1.0))
/users/mazhanyu/Projects/Marigold/src/util/ps_lazydataset.py:657: UserWarning: Using lambda is incompatible with multiprocessing. Consider using regular functions or partial().
  transform_list_input.append(A.Lambda(image=lambda x, **kwargs: x * 2.0 - 1.0))
/users/mazhanyu/Projects/Marigold/src/util/ps_lazydataset.py:703: UserWarning: Using lambda is incompatible with multiprocessing. Consider using regular functions or partial().
  transform_list_target.append(A.Lambda(image=lambda x, **kwargs: x * 2.0 - 1.0))
/users/mazhanyu/Projects/Marigold/src/util/ps_lazydataset.py:657: UserWarning: Using lambda is incompatible with multiprocessing. Consider using regular functions or partial().
  transform_list_input.append(A.Lambda(image=lambda x, **kwargs: x * 2.0 - 1.0))
/users/mazhanyu/Projects/Marigold/src/util/ps_lazydataset.py:657: UserWarning: Using lambda is incompatible with multiprocessing. Consider using regular functions or partial().
  transform_list_input.append(A.Lambda(image=lambda x, **kwargs: x * 2.0 - 1.0))
/users/mazhanyu/Projects/Marigold/src/util/ps_lazydataset.py:683: UserWarning: Using lambda is incompatible with multiprocessing. Consider using regular functions or partial().
  transform_list_input_hr.append(A.Lambda(image=lambda x, **kwargs: x * 2.0 - 1.0))
/users/mazhanyu/Projects/Marigold/src/util/ps_lazydataset.py:683: UserWarning: Using lambda is incompatible with multiprocessing. Consider using regular functions or partial().
  transform_list_input_hr.append(A.Lambda(image=lambda x, **kwargs: x * 2.0 - 1.0))
/users/mazhanyu/Projects/Marigold/src/util/ps_lazydataset.py:683: UserWarning: Using lambda is incompatible with multiprocessing. Consider using regular functions or partial().
  transform_list_input_hr.append(A.Lambda(image=lambda x, **kwargs: x * 2.0 - 1.0))
/users/mazhanyu/Projects/Marigold/src/util/ps_lazydataset.py:690: UserWarning: Using lambda is incompatible with multiprocessing. Consider using regular functions or partial().
  scale_target = A.Lambda(image=lambda x, **kwargs: x * 1e+6)
/users/mazhanyu/Projects/Marigold/src/util/ps_lazydataset.py:690: UserWarning: Using lambda is incompatible with multiprocessing. Consider using regular functions or partial().
  scale_target = A.Lambda(image=lambda x, **kwargs: x * 1e+6)
/users/mazhanyu/Projects/Marigold/src/util/ps_lazydataset.py:691: UserWarning: Using lambda is incompatible with multiprocessing. Consider using regular functions or partial().
  unit_rescale_target = A.Lambda(image=lambda x, **kwargs: x * self.unit_scale_ratio)
/users/mazhanyu/Projects/Marigold/src/util/ps_lazydataset.py:691: UserWarning: Using lambda is incompatible with multiprocessing. Consider using regular functions or partial().
  unit_rescale_target = A.Lambda(image=lambda x, **kwargs: x * self.unit_scale_ratio)
/users/mazhanyu/Projects/Marigold/src/util/ps_lazydataset.py:703: UserWarning: Using lambda is incompatible with multiprocessing. Consider using regular functions or partial().
  transform_list_target.append(A.Lambda(image=lambda x, **kwargs: x * 2.0 - 1.0))
/users/mazhanyu/Projects/Marigold/src/util/ps_lazydataset.py:690: UserWarning: Using lambda is incompatible with multiprocessing. Consider using regular functions or partial().
  scale_target = A.Lambda(image=lambda x, **kwargs: x * 1e+6)
/users/mazhanyu/Projects/Marigold/src/util/ps_lazydataset.py:703: UserWarning: Using lambda is incompatible with multiprocessing. Consider using regular functions or partial().
  transform_list_target.append(A.Lambda(image=lambda x, **kwargs: x * 2.0 - 1.0))
/users/mazhanyu/Projects/Marigold/src/util/ps_lazydataset.py:657: UserWarning: Using lambda is incompatible with multiprocessing. Consider using regular functions or partial().
  transform_list_input.append(A.Lambda(image=lambda x, **kwargs: x * 2.0 - 1.0))
/users/mazhanyu/Projects/Marigold/src/util/ps_lazydataset.py:691: UserWarning: Using lambda is incompatible with multiprocessing. Consider using regular functions or partial().
  unit_rescale_target = A.Lambda(image=lambda x, **kwargs: x * self.unit_scale_ratio)
/users/mazhanyu/Projects/Marigold/src/util/ps_lazydataset.py:703: UserWarning: Using lambda is incompatible with multiprocessing. Consider using regular functions or partial().
  transform_list_target.append(A.Lambda(image=lambda x, **kwargs: x * 2.0 - 1.0))
/users/mazhanyu/Projects/Marigold/src/util/ps_lazydataset.py:683: UserWarning: Using lambda is incompatible with multiprocessing. Consider using regular functions or partial().
  transform_list_input_hr.append(A.Lambda(image=lambda x, **kwargs: x * 2.0 - 1.0))
/users/mazhanyu/Projects/Marigold/src/util/ps_lazydataset.py:690: UserWarning: Using lambda is incompatible with multiprocessing. Consider using regular functions or partial().
  scale_target = A.Lambda(image=lambda x, **kwargs: x * 1e+6)
/users/mazhanyu/Projects/Marigold/src/util/ps_lazydataset.py:691: UserWarning: Using lambda is incompatible with multiprocessing. Consider using regular functions or partial().
  unit_rescale_target = A.Lambda(image=lambda x, **kwargs: x * self.unit_scale_ratio)
/users/mazhanyu/Projects/Marigold/src/util/ps_lazydataset.py:703: UserWarning: Using lambda is incompatible with multiprocessing. Consider using regular functions or partial().
  transform_list_target.append(A.Lambda(image=lambda x, **kwargs: x * 2.0 - 1.0))
/users/mazhanyu/Projects/Marigold/src/util/ps_lazydataset.py:683: UserWarning: Using lambda is incompatible with multiprocessing. Consider using regular functions or partial().
  transform_list_input_hr.append(A.Lambda(image=lambda x, **kwargs: x * 2.0 - 1.0))
/users/mazhanyu/Projects/Marigold/src/util/ps_lazydataset.py:690: UserWarning: Using lambda is incompatible with multiprocessing. Consider using regular functions or partial().
  scale_target = A.Lambda(image=lambda x, **kwargs: x * 1e+6)
/users/mazhanyu/Projects/Marigold/src/util/ps_lazydataset.py:691: UserWarning: Using lambda is incompatible with multiprocessing. Consider using regular functions or partial().
  unit_rescale_target = A.Lambda(image=lambda x, **kwargs: x * self.unit_scale_ratio)
/users/mazhanyu/Projects/Marigold/src/util/ps_lazydataset.py:703: UserWarning: Using lambda is incompatible with multiprocessing. Consider using regular functions or partial().
  transform_list_target.append(A.Lambda(image=lambda x, **kwargs: x * 2.0 - 1.0))
/users/mazhanyu/Projects/Marigold/src/util/ps_lazydataset.py:657: UserWarning: Using lambda is incompatible with multiprocessing. Consider using regular functions or partial().
  transform_list_input.append(A.Lambda(image=lambda x, **kwargs: x * 2.0 - 1.0))
/users/mazhanyu/Projects/Marigold/src/util/ps_lazydataset.py:683: UserWarning: Using lambda is incompatible with multiprocessing. Consider using regular functions or partial().
  transform_list_input_hr.append(A.Lambda(image=lambda x, **kwargs: x * 2.0 - 1.0))
/users/mazhanyu/Projects/Marigold/src/util/ps_lazydataset.py:690: UserWarning: Using lambda is incompatible with multiprocessing. Consider using regular functions or partial().
  scale_target = A.Lambda(image=lambda x, **kwargs: x * 1e+6)
/users/mazhanyu/Projects/Marigold/src/util/ps_lazydataset.py:691: UserWarning: Using lambda is incompatible with multiprocessing. Consider using regular functions or partial().
  unit_rescale_target = A.Lambda(image=lambda x, **kwargs: x * self.unit_scale_ratio)
/users/mazhanyu/Projects/Marigold/src/util/ps_lazydataset.py:703: UserWarning: Using lambda is incompatible with multiprocessing. Consider using regular functions or partial().
  transform_list_target.append(A.Lambda(image=lambda x, **kwargs: x * 2.0 - 1.0))
/users/mazhanyu/Projects/Marigold/src/util/ps_lazydataset.py:657: UserWarning: Using lambda is incompatible with multiprocessing. Consider using regular functions or partial().
  transform_list_input.append(A.Lambda(image=lambda x, **kwargs: x * 2.0 - 1.0))
/users/mazhanyu/Projects/Marigold/src/util/ps_lazydataset.py:683: UserWarning: Using lambda is incompatible with multiprocessing. Consider using regular functions or partial().
  transform_list_input_hr.append(A.Lambda(image=lambda x, **kwargs: x * 2.0 - 1.0))
/users/mazhanyu/Projects/Marigold/src/util/ps_lazydataset.py:690: UserWarning: Using lambda is incompatible with multiprocessing. Consider using regular functions or partial().
  scale_target = A.Lambda(image=lambda x, **kwargs: x * 1e+6)
/users/mazhanyu/Projects/Marigold/src/util/ps_lazydataset.py:691: UserWarning: Using lambda is incompatible with multiprocessing. Consider using regular functions or partial().
  unit_rescale_target = A.Lambda(image=lambda x, **kwargs: x * self.unit_scale_ratio)
/users/mazhanyu/Projects/Marigold/src/util/ps_lazydataset.py:703: UserWarning: Using lambda is incompatible with multiprocessing. Consider using regular functions or partial().
  transform_list_target.append(A.Lambda(image=lambda x, **kwargs: x * 2.0 - 1.0))
/users/mazhanyu/Projects/Marigold/src/util/ps_lazydataset.py:657: UserWarning: Using lambda is incompatible with multiprocessing. Consider using regular functions or partial().
  transform_list_input.append(A.Lambda(image=lambda x, **kwargs: x * 2.0 - 1.0))
/users/mazhanyu/Projects/Marigold/src/util/ps_lazydataset.py:657: UserWarning: Using lambda is incompatible with multiprocessing. Consider using regular functions or partial().
  transform_list_input.append(A.Lambda(image=lambda x, **kwargs: x * 2.0 - 1.0))
/users/mazhanyu/Projects/Marigold/src/util/ps_lazydataset.py:657: UserWarning: Using lambda is incompatible with multiprocessing. Consider using regular functions or partial().
  transform_list_input.append(A.Lambda(image=lambda x, **kwargs: x * 2.0 - 1.0))
/users/mazhanyu/Projects/Marigold/src/util/ps_lazydataset.py:683: UserWarning: Using lambda is incompatible with multiprocessing. Consider using regular functions or partial().
  transform_list_input_hr.append(A.Lambda(image=lambda x, **kwargs: x * 2.0 - 1.0))
/users/mazhanyu/Projects/Marigold/src/util/ps_lazydataset.py:690: UserWarning: Using lambda is incompatible with multiprocessing. Consider using regular functions or partial().
  scale_target = A.Lambda(image=lambda x, **kwargs: x * 1e+6)
/users/mazhanyu/Projects/Marigold/src/util/ps_lazydataset.py:683: UserWarning: Using lambda is incompatible with multiprocessing. Consider using regular functions or partial().
  transform_list_input_hr.append(A.Lambda(image=lambda x, **kwargs: x * 2.0 - 1.0))
/users/mazhanyu/Projects/Marigold/src/util/ps_lazydataset.py:691: UserWarning: Using lambda is incompatible with multiprocessing. Consider using regular functions or partial().
  unit_rescale_target = A.Lambda(image=lambda x, **kwargs: x * self.unit_scale_ratio)
/users/mazhanyu/Projects/Marigold/src/util/ps_lazydataset.py:703: UserWarning: Using lambda is incompatible with multiprocessing. Consider using regular functions or partial().
  transform_list_target.append(A.Lambda(image=lambda x, **kwargs: x * 2.0 - 1.0))
/users/mazhanyu/Projects/Marigold/src/util/ps_lazydataset.py:657: UserWarning: Using lambda is incompatible with multiprocessing. Consider using regular functions or partial().
  transform_list_input.append(A.Lambda(image=lambda x, **kwargs: x * 2.0 - 1.0))
/users/mazhanyu/Projects/Marigold/src/util/ps_lazydataset.py:690: UserWarning: Using lambda is incompatible with multiprocessing. Consider using regular functions or partial().
  scale_target = A.Lambda(image=lambda x, **kwargs: x * 1e+6)
/users/mazhanyu/Projects/Marigold/src/util/ps_lazydataset.py:683: UserWarning: Using lambda is incompatible with multiprocessing. Consider using regular functions or partial().
  transform_list_input_hr.append(A.Lambda(image=lambda x, **kwargs: x * 2.0 - 1.0))
/users/mazhanyu/Projects/Marigold/src/util/ps_lazydataset.py:691: UserWarning: Using lambda is incompatible with multiprocessing. Consider using regular functions or partial().
  unit_rescale_target = A.Lambda(image=lambda x, **kwargs: x * self.unit_scale_ratio)
/users/mazhanyu/Projects/Marigold/src/util/ps_lazydataset.py:703: UserWarning: Using lambda is incompatible with multiprocessing. Consider using regular functions or partial().
  transform_list_target.append(A.Lambda(image=lambda x, **kwargs: x * 2.0 - 1.0))
/users/mazhanyu/Projects/Marigold/src/util/ps_lazydataset.py:690: UserWarning: Using lambda is incompatible with multiprocessing. Consider using regular functions or partial().
  scale_target = A.Lambda(image=lambda x, **kwargs: x * 1e+6)
/users/mazhanyu/Projects/Marigold/src/util/ps_lazydataset.py:691: UserWarning: Using lambda is incompatible with multiprocessing. Consider using regular functions or partial().
  unit_rescale_target = A.Lambda(image=lambda x, **kwargs: x * self.unit_scale_ratio)
/users/mazhanyu/Projects/Marigold/src/util/ps_lazydataset.py:703: UserWarning: Using lambda is incompatible with multiprocessing. Consider using regular functions or partial().
  transform_list_target.append(A.Lambda(image=lambda x, **kwargs: x * 2.0 - 1.0))
/users/mazhanyu/Projects/Marigold/src/util/ps_lazydataset.py:657: UserWarning: Using lambda is incompatible with multiprocessing. Consider using regular functions or partial().
  transform_list_input.append(A.Lambda(image=lambda x, **kwargs: x * 2.0 - 1.0))
/users/mazhanyu/Projects/Marigold/src/util/ps_lazydataset.py:683: UserWarning: Using lambda is incompatible with multiprocessing. Consider using regular functions or partial().
  transform_list_input_hr.append(A.Lambda(image=lambda x, **kwargs: x * 2.0 - 1.0))
/users/mazhanyu/Projects/Marigold/src/util/ps_lazydataset.py:657: UserWarning: Using lambda is incompatible with multiprocessing. Consider using regular functions or partial().
  transform_list_input.append(A.Lambda(image=lambda x, **kwargs: x * 2.0 - 1.0))
/users/mazhanyu/Projects/Marigold/src/util/ps_lazydataset.py:690: UserWarning: Using lambda is incompatible with multiprocessing. Consider using regular functions or partial().
  scale_target = A.Lambda(image=lambda x, **kwargs: x * 1e+6)
/users/mazhanyu/Projects/Marigold/src/util/ps_lazydataset.py:691: UserWarning: Using lambda is incompatible with multiprocessing. Consider using regular functions or partial().
  unit_rescale_target = A.Lambda(image=lambda x, **kwargs: x * self.unit_scale_ratio)
/users/mazhanyu/Projects/Marigold/src/util/ps_lazydataset.py:657: UserWarning: Using lambda is incompatible with multiprocessing. Consider using regular functions or partial().
  transform_list_input.append(A.Lambda(image=lambda x, **kwargs: x * 2.0 - 1.0))
/users/mazhanyu/Projects/Marigold/src/util/ps_lazydataset.py:703: UserWarning: Using lambda is incompatible with multiprocessing. Consider using regular functions or partial().
  transform_list_target.append(A.Lambda(image=lambda x, **kwargs: x * 2.0 - 1.0))
/users/mazhanyu/Projects/Marigold/src/util/ps_lazydataset.py:683: UserWarning: Using lambda is incompatible with multiprocessing. Consider using regular functions or partial().
  transform_list_input_hr.append(A.Lambda(image=lambda x, **kwargs: x * 2.0 - 1.0))
/users/mazhanyu/Projects/Marigold/src/util/ps_lazydataset.py:683: UserWarning: Using lambda is incompatible with multiprocessing. Consider using regular functions or partial().
  transform_list_input_hr.append(A.Lambda(image=lambda x, **kwargs: x * 2.0 - 1.0))
/users/mazhanyu/Projects/Marigold/src/util/ps_lazydataset.py:690: UserWarning: Using lambda is incompatible with multiprocessing. Consider using regular functions or partial().
  scale_target = A.Lambda(image=lambda x, **kwargs: x * 1e+6)
/users/mazhanyu/Projects/Marigold/src/util/ps_lazydataset.py:691: UserWarning: Using lambda is incompatible with multiprocessing. Consider using regular functions or partial().
  unit_rescale_target = A.Lambda(image=lambda x, **kwargs: x * self.unit_scale_ratio)
/users/mazhanyu/Projects/Marigold/src/util/ps_lazydataset.py:703: UserWarning: Using lambda is incompatible with multiprocessing. Consider using regular functions or partial().
  transform_list_target.append(A.Lambda(image=lambda x, **kwargs: x * 2.0 - 1.0))
/users/mazhanyu/Projects/Marigold/src/util/ps_lazydataset.py:690: UserWarning: Using lambda is incompatible with multiprocessing. Consider using regular functions or partial().
  scale_target = A.Lambda(image=lambda x, **kwargs: x * 1e+6)
/users/mazhanyu/Projects/Marigold/src/util/ps_lazydataset.py:691: UserWarning: Using lambda is incompatible with multiprocessing. Consider using regular functions or partial().
  unit_rescale_target = A.Lambda(image=lambda x, **kwargs: x * self.unit_scale_ratio)
/users/mazhanyu/Projects/Marigold/src/util/ps_lazydataset.py:683: UserWarning: Using lambda is incompatible with multiprocessing. Consider using regular functions or partial().
  transform_list_input_hr.append(A.Lambda(image=lambda x, **kwargs: x * 2.0 - 1.0))
/users/mazhanyu/Projects/Marigold/src/util/ps_lazydataset.py:703: UserWarning: Using lambda is incompatible with multiprocessing. Consider using regular functions or partial().
  transform_list_target.append(A.Lambda(image=lambda x, **kwargs: x * 2.0 - 1.0))
/users/mazhanyu/Projects/Marigold/src/util/ps_lazydataset.py:690: UserWarning: Using lambda is incompatible with multiprocessing. Consider using regular functions or partial().
  scale_target = A.Lambda(image=lambda x, **kwargs: x * 1e+6)
/users/mazhanyu/Projects/Marigold/src/util/ps_lazydataset.py:691: UserWarning: Using lambda is incompatible with multiprocessing. Consider using regular functions or partial().
  unit_rescale_target = A.Lambda(image=lambda x, **kwargs: x * self.unit_scale_ratio)
/users/mazhanyu/Projects/Marigold/src/util/ps_lazydataset.py:703: UserWarning: Using lambda is incompatible with multiprocessing. Consider using regular functions or partial().
  transform_list_target.append(A.Lambda(image=lambda x, **kwargs: x * 2.0 - 1.0))
/users/mazhanyu/Projects/Marigold/src/util/ps_lazydataset.py:657: UserWarning: Using lambda is incompatible with multiprocessing. Consider using regular functions or partial().
  transform_list_input.append(A.Lambda(image=lambda x, **kwargs: x * 2.0 - 1.0))
/users/mazhanyu/Projects/Marigold/src/util/ps_lazydataset.py:683: UserWarning: Using lambda is incompatible with multiprocessing. Consider using regular functions or partial().
  transform_list_input_hr.append(A.Lambda(image=lambda x, **kwargs: x * 2.0 - 1.0))
/users/mazhanyu/Projects/Marigold/src/util/ps_lazydataset.py:690: UserWarning: Using lambda is incompatible with multiprocessing. Consider using regular functions or partial().
  scale_target = A.Lambda(image=lambda x, **kwargs: x * 1e+6)
/users/mazhanyu/Projects/Marigold/src/util/ps_lazydataset.py:691: UserWarning: Using lambda is incompatible with multiprocessing. Consider using regular functions or partial().
  unit_rescale_target = A.Lambda(image=lambda x, **kwargs: x * self.unit_scale_ratio)
/users/mazhanyu/Projects/Marigold/src/util/ps_lazydataset.py:703: UserWarning: Using lambda is incompatible with multiprocessing. Consider using regular functions or partial().
  transform_list_target.append(A.Lambda(image=lambda x, **kwargs: x * 2.0 - 1.0))
Loading weights:   0%|          | 0/372 [00:00<?, ?it/s]Loading weights:  93%|█████████▎| 346/372 [00:00<00:00, 3420.06it/s]Loading weights: 100%|██████████| 372/372 [00:00<00:00, 3476.17it/s]
Loading weights:   0%|          | 0/372 [00:00<?, ?it/s]Loading weights:  86%|████████▋ | 321/372 [00:00<00:00, 3153.31it/s]Loading weights: 100%|██████████| 372/372 [00:00<00:00, 3227.90it/s]
Loading weights:   0%|          | 0/372 [00:00<?, ?it/s]Loading weights:  87%|████████▋ | 322/372 [00:00<00:00, 3161.48it/s]Loading weights: 100%|██████████| 372/372 [00:00<00:00, 3290.36it/s]
Loading weights:   0%|          | 0/372 [00:00<?, ?it/s]Loading weights:  83%|████████▎ | 309/372 [00:00<00:00, 3062.27it/s]Loading weights: 100%|██████████| 372/372 [00:00<00:00, 3254.27it/s]
Loading weights:   0%|          | 0/372 [00:00<?, ?it/s]Loading weights:  89%|████████▉ | 331/372 [00:00<00:00, 3300.53it/s]Loading weights: 100%|██████████| 372/372 [00:00<00:00, 3354.64it/s]
Loading weights:   0%|          | 0/372 [00:00<?, ?it/s]Loading weights:  84%|████████▍ | 314/372 [00:00<00:00, 3063.47it/s]Loading weights: 100%|██████████| 372/372 [00:00<00:00, 3232.74it/s]
Loading weights:   0%|          | 0/372 [00:00<?, ?it/s]Loading weights:  87%|████████▋ | 325/372 [00:00<00:00, 3162.22it/s]Loading weights: 100%|██████████| 372/372 [00:00<00:00, 3257.02it/s]
Loading weights:   0%|          | 0/372 [00:00<?, ?it/s]Loading weights:  88%|████████▊ | 329/372 [00:00<00:00, 3276.67it/s]Loading weights: 100%|██████████| 372/372 [00:00<00:00, 3324.39it/s]
Loading weights:   0%|          | 0/372 [00:00<?, ?it/s]Loading weights:  87%|████████▋ | 323/372 [00:00<00:00, 3217.85it/s]Loading weights: 100%|██████████| 372/372 [00:00<00:00, 3298.57it/s]
Loading weights:   0%|          | 0/372 [00:00<?, ?it/s]Loading weights:  89%|████████▉ | 332/372 [00:00<00:00, 3155.12it/s]Loading weights: 100%|██████████| 372/372 [00:00<00:00, 3336.86it/s]
Loading weights:   0%|          | 0/372 [00:00<?, ?it/s]Loading weights:  85%|████████▌ | 317/372 [00:00<00:00, 3121.96it/s]Loading weights: 100%|██████████| 372/372 [00:00<00:00, 3251.36it/s]
Loading weights:   0%|          | 0/372 [00:00<?, ?it/s]Loading weights:  89%|████████▉ | 331/372 [00:00<00:00, 3308.84it/s]Loading weights: 100%|██████████| 372/372 [00:00<00:00, 3323.32it/s]
Loading weights:   0%|          | 0/372 [00:00<?, ?it/s]Loading weights:  88%|████████▊ | 326/372 [00:00<00:00, 3202.05it/s]Loading weights: 100%|██████████| 372/372 [00:00<00:00, 3322.07it/s]
Loading weights:   0%|          | 0/372 [00:00<?, ?it/s]Loading weights:  88%|████████▊ | 328/372 [00:00<00:00, 3269.28it/s]Loading weights: 100%|██████████| 372/372 [00:00<00:00, 3355.60it/s]
Loading weights:   0%|          | 0/372 [00:00<?, ?it/s]Loading weights:  87%|████████▋ | 324/372 [00:00<00:00, 3156.79it/s]Loading weights: 100%|██████████| 372/372 [00:00<00:00, 3317.74it/s]
Loading weights:   0%|          | 0/372 [00:00<?, ?it/s]Loading weights:  87%|████████▋ | 325/372 [00:00<00:00, 3192.64it/s]Loading weights: 100%|██████████| 372/372 [00:00<00:00, 3250.35it/s]
Loading weights:   0%|          | 0/372 [00:00<?, ?it/s]Loading weights:  89%|████████▊ | 330/372 [00:00<00:00, 3281.00it/s]Loading weights: 100%|██████████| 372/372 [00:00<00:00, 3429.85it/s]
Loading weights:   0%|          | 0/372 [00:00<?, ?it/s]Loading weights:  89%|████████▊ | 330/372 [00:00<00:00, 3284.07it/s]Loading weights: 100%|██████████| 372/372 [00:00<00:00, 3360.46it/s]
Loading weights:   0%|          | 0/372 [00:00<?, ?it/s]Loading weights:  92%|█████████▏| 343/372 [00:00<00:00, 3418.93it/s]Loading weights: 100%|██████████| 372/372 [00:00<00:00, 3476.71it/s]
Loading weights:   0%|          | 0/372 [00:00<?, ?it/s]Loading weights:  91%|█████████ | 338/372 [00:00<00:00, 3375.68it/s]Loading weights: 100%|██████████| 372/372 [00:00<00:00, 3533.34it/s]
Loading weights:   0%|          | 0/372 [00:00<?, ?it/s]Loading weights:  91%|█████████ | 337/372 [00:00<00:00, 3361.64it/s]Loading weights: 100%|██████████| 372/372 [00:00<00:00, 3398.62it/s]
Loading weights:   0%|          | 0/372 [00:00<?, ?it/s]Loading weights:  91%|█████████ | 339/372 [00:00<00:00, 3389.17it/s]Loading weights: 100%|██████████| 372/372 [00:00<00:00, 3416.33it/s]
Loading weights:   0%|          | 0/372 [00:00<?, ?it/s]Loading weights:  96%|█████████▌| 357/372 [00:00<00:00, 3569.25it/s]Loading weights: 100%|██████████| 372/372 [00:00<00:00, 3574.50it/s]
Loading weights:   0%|          | 0/372 [00:00<?, ?it/s]Loading weights:  89%|████████▊ | 330/372 [00:00<00:00, 3282.58it/s]Loading weights: 100%|██████████| 372/372 [00:00<00:00, 3362.99it/s]
Loading weights:   0%|          | 0/372 [00:00<?, ?it/s]Loading weights:  95%|█████████▌| 354/372 [00:00<00:00, 3501.52it/s]Loading weights: 100%|██████████| 372/372 [00:00<00:00, 3595.14it/s]
Loading weights:   0%|          | 0/372 [00:00<?, ?it/s]Loading weights:  88%|████████▊ | 327/372 [00:00<00:00, 3237.61it/s]Loading weights: 100%|██████████| 372/372 [00:00<00:00, 3312.57it/s]
Loading weights:   0%|          | 0/372 [00:00<?, ?it/s]Loading weights:  88%|████████▊ | 329/372 [00:00<00:00, 3283.51it/s]Loading weights: 100%|██████████| 372/372 [00:00<00:00, 3337.68it/s]
Loading weights:   0%|          | 0/372 [00:00<?, ?it/s]Loading weights:  88%|████████▊ | 329/372 [00:00<00:00, 3247.44it/s]Loading weights: 100%|██████████| 372/372 [00:00<00:00, 3307.93it/s]
Loading weights:   0%|          | 0/372 [00:00<?, ?it/s]Loading weights:  87%|████████▋ | 323/372 [00:00<00:00, 3167.17it/s]Loading weights: 100%|██████████| 372/372 [00:00<00:00, 3287.22it/s]
Loading weights:   0%|          | 0/372 [00:00<?, ?it/s]Loading weights:  85%|████████▌ | 317/372 [00:00<00:00, 3169.37it/s]Loading weights: 100%|██████████| 372/372 [00:00<00:00, 3304.14it/s]
Loading weights:   0%|          | 0/372 [00:00<?, ?it/s]Loading weights:  89%|████████▊ | 330/372 [00:00<00:00, 3295.38it/s]Loading weights: 100%|██████████| 372/372 [00:00<00:00, 3350.90it/s]
Loading weights:   0%|          | 0/372 [00:00<?, ?it/s]Loading weights:  87%|████████▋ | 322/372 [00:00<00:00, 3210.42it/s]Loading weights: 100%|██████████| 372/372 [00:00<00:00, 3287.68it/s]
Loading weights:   0%|          | 0/372 [00:00<?, ?it/s]Loading weights:  88%|████████▊ | 329/372 [00:00<00:00, 3244.06it/s]Loading weights: 100%|██████████| 372/372 [00:00<00:00, 3288.53it/s]
Loading weights:   0%|          | 0/372 [00:00<?, ?it/s]Loading weights:  85%|████████▌ | 317/372 [00:00<00:00, 3169.01it/s]Loading weights: 100%|██████████| 372/372 [00:00<00:00, 3263.84it/s]
Loading weights:   0%|          | 0/372 [00:00<?, ?it/s]Loading weights:  88%|████████▊ | 327/372 [00:00<00:00, 3268.19it/s]Loading weights: 100%|██████████| 372/372 [00:00<00:00, 3318.23it/s]
Loading weights:   0%|          | 0/372 [00:00<?, ?it/s]Loading weights:  88%|████████▊ | 327/372 [00:00<00:00, 3243.25it/s]Loading weights: 100%|██████████| 372/372 [00:00<00:00, 3284.06it/s]
Loading weights:   0%|          | 0/372 [00:00<?, ?it/s]Loading weights:  87%|████████▋ | 322/372 [00:00<00:00, 3171.24it/s]Loading weights: 100%|██████████| 372/372 [00:00<00:00, 3281.47it/s]
Loading weights:   0%|          | 0/372 [00:00<?, ?it/s]Loading weights:  93%|█████████▎| 345/372 [00:00<00:00, 3413.37it/s]Loading weights: 100%|██████████| 372/372 [00:00<00:00, 3462.04it/s]
Loading weights:   0%|          | 0/372 [00:00<?, ?it/s]Loading weights:  86%|████████▌ | 320/372 [00:00<00:00, 3073.25it/s]Loading weights: 100%|██████████| 372/372 [00:00<00:00, 3273.46it/s]
Loading weights:   0%|          | 0/372 [00:00<?, ?it/s]Loading weights:  88%|████████▊ | 326/372 [00:00<00:00, 3161.70it/s]Loading weights: 100%|██████████| 372/372 [00:00<00:00, 3277.74it/s]
Loading weights:   0%|          | 0/372 [00:00<?, ?it/s]Loading weights:  88%|████████▊ | 329/372 [00:00<00:00, 3262.44it/s]Loading weights: 100%|██████████| 372/372 [00:00<00:00, 3362.98it/s]
Loading weights:   0%|          | 0/372 [00:00<?, ?it/s]Loading weights:  88%|████████▊ | 326/372 [00:00<00:00, 3249.43it/s]Loading weights: 100%|██████████| 372/372 [00:00<00:00, 3311.17it/s]
Loading weights:   0%|          | 0/372 [00:00<?, ?it/s]Loading weights:  92%|█████████▏| 344/372 [00:00<00:00, 3430.35it/s]Loading weights: 100%|██████████| 372/372 [00:00<00:00, 3498.69it/s]
Loading weights:   0%|          | 0/372 [00:00<?, ?it/s]Loading weights:  86%|████████▋ | 321/372 [00:00<00:00, 3171.60it/s]Loading weights: 100%|██████████| 372/372 [00:00<00:00, 3298.19it/s]
Loading weights:   0%|          | 0/372 [00:00<?, ?it/s]Loading weights:  90%|█████████ | 335/372 [00:00<00:00, 3344.84it/s]Loading weights: 100%|██████████| 372/372 [00:00<00:00, 3373.68it/s]
Loading weights:   0%|          | 0/372 [00:00<?, ?it/s]Loading weights:  91%|█████████ | 339/372 [00:00<00:00, 3380.66it/s]Loading weights: 100%|██████████| 372/372 [00:00<00:00, 3388.13it/s]
Loading weights:   0%|          | 0/372 [00:00<?, ?it/s]Loading weights:  87%|████████▋ | 324/372 [00:00<00:00, 3195.22it/s]Loading weights: 100%|██████████| 372/372 [00:00<00:00, 3266.04it/s]
Loading weights:   0%|          | 0/372 [00:00<?, ?it/s]Loading weights:  88%|████████▊ | 326/372 [00:00<00:00, 3223.63it/s]Loading weights: 100%|██████████| 372/372 [00:00<00:00, 3334.77it/s]
Loading weights:   0%|          | 0/372 [00:00<?, ?it/s]Loading weights:  87%|████████▋ | 322/372 [00:00<00:00, 3199.07it/s]Loading weights: 100%|██████████| 372/372 [00:00<00:00, 3297.89it/s]
Loading weights:   0%|          | 0/372 [00:00<?, ?it/s]Loading weights:  87%|████████▋ | 325/372 [00:00<00:00, 3248.69it/s]Loading weights: 100%|██████████| 372/372 [00:00<00:00, 3285.93it/s]
Loading weights:   0%|          | 0/372 [00:00<?, ?it/s]Loading weights:  87%|████████▋ | 323/372 [00:00<00:00, 3221.65it/s]Loading weights: 100%|██████████| 372/372 [00:00<00:00, 3282.68it/s]
Loading weights:   0%|          | 0/372 [00:00<?, ?it/s]Loading weights:  89%|████████▉ | 331/372 [00:00<00:00, 3309.16it/s]Loading weights: 100%|██████████| 372/372 [00:00<00:00, 3364.76it/s]
Loading weights:   0%|          | 0/372 [00:00<?, ?it/s]Loading weights:  88%|████████▊ | 327/372 [00:00<00:00, 3216.17it/s]Loading weights: 100%|██████████| 372/372 [00:00<00:00, 3285.94it/s]
Loading weights:   0%|          | 0/372 [00:00<?, ?it/s]Loading weights:  88%|████████▊ | 329/372 [00:00<00:00, 3289.45it/s]Loading weights: 100%|██████████| 372/372 [00:00<00:00, 3305.71it/s]
Loading weights:   0%|          | 0/372 [00:00<?, ?it/s]Loading weights:  89%|████████▊ | 330/372 [00:00<00:00, 3228.86it/s]Loading weights: 100%|██████████| 372/372 [00:00<00:00, 3314.89it/s]
Loading weights:   0%|          | 0/372 [00:00<?, ?it/s]Loading weights:  94%|█████████▍| 351/372 [00:00<00:00, 3461.47it/s]Loading weights: 100%|██████████| 372/372 [00:00<00:00, 3546.51it/s]
Loading weights:   0%|          | 0/372 [00:00<?, ?it/s]Loading weights:  85%|████████▌ | 317/372 [00:00<00:00, 3077.14it/s]Loading weights: 100%|██████████| 372/372 [00:00<00:00, 3254.88it/s]
Loading weights:   0%|          | 0/372 [00:00<?, ?it/s]Loading weights:  83%|████████▎ | 307/372 [00:00<00:00, 3044.43it/s]Loading weights: 100%|██████████| 372/372 [00:00<00:00, 3169.33it/s]
Loading weights:   0%|          | 0/372 [00:00<?, ?it/s]Loading weights:  83%|████████▎ | 309/372 [00:00<00:00, 3082.54it/s]Loading weights: 100%|██████████| 372/372 [00:00<00:00, 3183.90it/s]
Loading weights:   0%|          | 0/372 [00:00<?, ?it/s]Loading weights:  87%|████████▋ | 322/372 [00:00<00:00, 3207.81it/s]Loading weights: 100%|██████████| 372/372 [00:00<00:00, 3269.70it/s]
Loading weights:   0%|          | 0/372 [00:00<?, ?it/s]Loading weights:  84%|████████▎ | 311/372 [00:00<00:00, 3093.53it/s]Loading weights: 100%|██████████| 372/372 [00:00<00:00, 3175.67it/s]
Loading weights:   0%|          | 0/372 [00:00<?, ?it/s]Loading weights:  84%|████████▍ | 313/372 [00:00<00:00, 3065.68it/s]Loading weights: 100%|██████████| 372/372 [00:00<00:00, 3183.16it/s]
Loading weights:   0%|          | 0/372 [00:00<?, ?it/s]Loading weights:  85%|████████▍ | 315/372 [00:00<00:00, 3143.32it/s]Loading weights: 100%|██████████| 372/372 [00:00<00:00, 3231.39it/s]
Loading weights:   0%|          | 0/372 [00:00<?, ?it/s]Loading weights:  84%|████████▍ | 312/372 [00:00<00:00, 3115.83it/s]Loading weights: 100%|██████████| 372/372 [00:00<00:00, 3190.35it/s]
/users/mazhanyu/Projects/Marigold/depthfm/chmv2.py:157: FutureWarning: You are using `torch.load` with `weights_only=False` (the current default value), which uses the default pickle module implicitly. It is possible to construct malicious pickle data which will execute arbitrary code during unpickling (See https://github.com/pytorch/pytorch/blob/main/SECURITY.md#untrusted-models for more details). In a future release, the default value for `weights_only` will be flipped to `True`. This limits the functions that could be executed during unpickling. Arbitrary objects will no longer be allowed to be loaded via this mode unless they are explicitly allowlisted by the user via `torch.serialization.add_safe_globals`. We recommend you start setting `weights_only=True` for any use case where you don't have full control of the loaded file. Please open an issue on GitHub for any issues related to this experimental feature.
  ckpt = torch.load(ckpt_path, map_location="cpu")
/users/mazhanyu/Projects/Marigold/depthfm/chmv2.py:157: FutureWarning: You are using `torch.load` with `weights_only=False` (the current default value), which uses the default pickle module implicitly. It is possible to construct malicious pickle data which will execute arbitrary code during unpickling (See https://github.com/pytorch/pytorch/blob/main/SECURITY.md#untrusted-models for more details). In a future release, the default value for `weights_only` will be flipped to `True`. This limits the functions that could be executed during unpickling. Arbitrary objects will no longer be allowed to be loaded via this mode unless they are explicitly allowlisted by the user via `torch.serialization.add_safe_globals`. We recommend you start setting `weights_only=True` for any use case where you don't have full control of the loaded file. Please open an issue on GitHub for any issues related to this experimental feature.
  ckpt = torch.load(ckpt_path, map_location="cpu")
/users/mazhanyu/Projects/Marigold/depthfm/chmv2.py:157: FutureWarning: You are using `torch.load` with `weights_only=False` (the current default value), which uses the default pickle module implicitly. It is possible to construct malicious pickle data which will execute arbitrary code during unpickling (See https://github.com/pytorch/pytorch/blob/main/SECURITY.md#untrusted-models for more details). In a future release, the default value for `weights_only` will be flipped to `True`. This limits the functions that could be executed during unpickling. Arbitrary objects will no longer be allowed to be loaded via this mode unless they are explicitly allowlisted by the user via `torch.serialization.add_safe_globals`. We recommend you start setting `weights_only=True` for any use case where you don't have full control of the loaded file. Please open an issue on GitHub for any issues related to this experimental feature.
  ckpt = torch.load(ckpt_path, map_location="cpu")
/users/mazhanyu/Projects/Marigold/depthfm/chmv2.py:157: FutureWarning: You are using `torch.load` with `weights_only=False` (the current default value), which uses the default pickle module implicitly. It is possible to construct malicious pickle data which will execute arbitrary code during unpickling (See https://github.com/pytorch/pytorch/blob/main/SECURITY.md#untrusted-models for more details). In a future release, the default value for `weights_only` will be flipped to `True`. This limits the functions that could be executed during unpickling. Arbitrary objects will no longer be allowed to be loaded via this mode unless they are explicitly allowlisted by the user via `torch.serialization.add_safe_globals`. We recommend you start setting `weights_only=True` for any use case where you don't have full control of the loaded file. Please open an issue on GitHub for any issues related to this experimental feature.
  ckpt = torch.load(ckpt_path, map_location="cpu")
/users/mazhanyu/Projects/Marigold/depthfm/chmv2.py:157: FutureWarning: You are using `torch.load` with `weights_only=False` (the current default value), which uses the default pickle module implicitly. It is possible to construct malicious pickle data which will execute arbitrary code during unpickling (See https://github.com/pytorch/pytorch/blob/main/SECURITY.md#untrusted-models for more details). In a future release, the default value for `weights_only` will be flipped to `True`. This limits the functions that could be executed during unpickling. Arbitrary objects will no longer be allowed to be loaded via this mode unless they are explicitly allowlisted by the user via `torch.serialization.add_safe_globals`. We recommend you start setting `weights_only=True` for any use case where you don't have full control of the loaded file. Please open an issue on GitHub for any issues related to this experimental feature.
  ckpt = torch.load(ckpt_path, map_location="cpu")
/users/mazhanyu/Projects/Marigold/depthfm/chmv2.py:157: FutureWarning: You are using `torch.load` with `weights_only=False` (the current default value), which uses the default pickle module implicitly. It is possible to construct malicious pickle data which will execute arbitrary code during unpickling (See https://github.com/pytorch/pytorch/blob/main/SECURITY.md#untrusted-models for more details). In a future release, the default value for `weights_only` will be flipped to `True`. This limits the functions that could be executed during unpickling. Arbitrary objects will no longer be allowed to be loaded via this mode unless they are explicitly allowlisted by the user via `torch.serialization.add_safe_globals`. We recommend you start setting `weights_only=True` for any use case where you don't have full control of the loaded file. Please open an issue on GitHub for any issues related to this experimental feature.
  ckpt = torch.load(ckpt_path, map_location="cpu")
/users/mazhanyu/Projects/Marigold/depthfm/chmv2.py:157: FutureWarning: You are using `torch.load` with `weights_only=False` (the current default value), which uses the default pickle module implicitly. It is possible to construct malicious pickle data which will execute arbitrary code during unpickling (See https://github.com/pytorch/pytorch/blob/main/SECURITY.md#untrusted-models for more details). In a future release, the default value for `weights_only` will be flipped to `True`. This limits the functions that could be executed during unpickling. Arbitrary objects will no longer be allowed to be loaded via this mode unless they are explicitly allowlisted by the user via `torch.serialization.add_safe_globals`. We recommend you start setting `weights_only=True` for any use case where you don't have full control of the loaded file. Please open an issue on GitHub for any issues related to this experimental feature.
  ckpt = torch.load(ckpt_path, map_location="cpu")
/users/mazhanyu/Projects/Marigold/depthfm/chmv2.py:157: FutureWarning: You are using `torch.load` with `weights_only=False` (the current default value), which uses the default pickle module implicitly. It is possible to construct malicious pickle data which will execute arbitrary code during unpickling (See https://github.com/pytorch/pytorch/blob/main/SECURITY.md#untrusted-models for more details). In a future release, the default value for `weights_only` will be flipped to `True`. This limits the functions that could be executed during unpickling. Arbitrary objects will no longer be allowed to be loaded via this mode unless they are explicitly allowlisted by the user via `torch.serialization.add_safe_globals`. We recommend you start setting `weights_only=True` for any use case where you don't have full control of the loaded file. Please open an issue on GitHub for any issues related to this experimental feature.
  ckpt = torch.load(ckpt_path, map_location="cpu")
/users/mazhanyu/Projects/Marigold/depthfm/chmv2.py:157: FutureWarning: You are using `torch.load` with `weights_only=False` (the current default value), which uses the default pickle module implicitly. It is possible to construct malicious pickle data which will execute arbitrary code during unpickling (See https://github.com/pytorch/pytorch/blob/main/SECURITY.md#untrusted-models for more details). In a future release, the default value for `weights_only` will be flipped to `True`. This limits the functions that could be executed during unpickling. Arbitrary objects will no longer be allowed to be loaded via this mode unless they are explicitly allowlisted by the user via `torch.serialization.add_safe_globals`. We recommend you start setting `weights_only=True` for any use case where you don't have full control of the loaded file. Please open an issue on GitHub for any issues related to this experimental feature.
  ckpt = torch.load(ckpt_path, map_location="cpu")
/users/mazhanyu/Projects/Marigold/depthfm/chmv2.py:157: FutureWarning: You are using `torch.load` with `weights_only=False` (the current default value), which uses the default pickle module implicitly. It is possible to construct malicious pickle data which will execute arbitrary code during unpickling (See https://github.com/pytorch/pytorch/blob/main/SECURITY.md#untrusted-models for more details). In a future release, the default value for `weights_only` will be flipped to `True`. This limits the functions that could be executed during unpickling. Arbitrary objects will no longer be allowed to be loaded via this mode unless they are explicitly allowlisted by the user via `torch.serialization.add_safe_globals`. We recommend you start setting `weights_only=True` for any use case where you don't have full control of the loaded file. Please open an issue on GitHub for any issues related to this experimental feature.
  ckpt = torch.load(ckpt_path, map_location="cpu")
/users/mazhanyu/Projects/Marigold/depthfm/chmv2.py:157: FutureWarning: You are using `torch.load` with `weights_only=False` (the current default value), which uses the default pickle module implicitly. It is possible to construct malicious pickle data which will execute arbitrary code during unpickling (See https://github.com/pytorch/pytorch/blob/main/SECURITY.md#untrusted-models for more details). In a future release, the default value for `weights_only` will be flipped to `True`. This limits the functions that could be executed during unpickling. Arbitrary objects will no longer be allowed to be loaded via this mode unless they are explicitly allowlisted by the user via `torch.serialization.add_safe_globals`. We recommend you start setting `weights_only=True` for any use case where you don't have full control of the loaded file. Please open an issue on GitHub for any issues related to this experimental feature.
  ckpt = torch.load(ckpt_path, map_location="cpu")
/users/mazhanyu/Projects/Marigold/depthfm/chmv2.py:157: FutureWarning: You are using `torch.load` with `weights_only=False` (the current default value), which uses the default pickle module implicitly. It is possible to construct malicious pickle data which will execute arbitrary code during unpickling (See https://github.com/pytorch/pytorch/blob/main/SECURITY.md#untrusted-models for more details). In a future release, the default value for `weights_only` will be flipped to `True`. This limits the functions that could be executed during unpickling. Arbitrary objects will no longer be allowed to be loaded via this mode unless they are explicitly allowlisted by the user via `torch.serialization.add_safe_globals`. We recommend you start setting `weights_only=True` for any use case where you don't have full control of the loaded file. Please open an issue on GitHub for any issues related to this experimental feature.
  ckpt = torch.load(ckpt_path, map_location="cpu")
/users/mazhanyu/Projects/Marigold/depthfm/chmv2.py:157: FutureWarning: You are using `torch.load` with `weights_only=False` (the current default value), which uses the default pickle module implicitly. It is possible to construct malicious pickle data which will execute arbitrary code during unpickling (See https://github.com/pytorch/pytorch/blob/main/SECURITY.md#untrusted-models for more details). In a future release, the default value for `weights_only` will be flipped to `True`. This limits the functions that could be executed during unpickling. Arbitrary objects will no longer be allowed to be loaded via this mode unless they are explicitly allowlisted by the user via `torch.serialization.add_safe_globals`. We recommend you start setting `weights_only=True` for any use case where you don't have full control of the loaded file. Please open an issue on GitHub for any issues related to this experimental feature.
  ckpt = torch.load(ckpt_path, map_location="cpu")
/users/mazhanyu/Projects/Marigold/depthfm/chmv2.py:157: FutureWarning: You are using `torch.load` with `weights_only=False` (the current default value), which uses the default pickle module implicitly. It is possible to construct malicious pickle data which will execute arbitrary code during unpickling (See https://github.com/pytorch/pytorch/blob/main/SECURITY.md#untrusted-models for more details). In a future release, the default value for `weights_only` will be flipped to `True`. This limits the functions that could be executed during unpickling. Arbitrary objects will no longer be allowed to be loaded via this mode unless they are explicitly allowlisted by the user via `torch.serialization.add_safe_globals`. We recommend you start setting `weights_only=True` for any use case where you don't have full control of the loaded file. Please open an issue on GitHub for any issues related to this experimental feature.
  ckpt = torch.load(ckpt_path, map_location="cpu")
/users/mazhanyu/Projects/Marigold/depthfm/chmv2.py:157: FutureWarning: You are using `torch.load` with `weights_only=False` (the current default value), which uses the default pickle module implicitly. It is possible to construct malicious pickle data which will execute arbitrary code during unpickling (See https://github.com/pytorch/pytorch/blob/main/SECURITY.md#untrusted-models for more details). In a future release, the default value for `weights_only` will be flipped to `True`. This limits the functions that could be executed during unpickling. Arbitrary objects will no longer be allowed to be loaded via this mode unless they are explicitly allowlisted by the user via `torch.serialization.add_safe_globals`. We recommend you start setting `weights_only=True` for any use case where you don't have full control of the loaded file. Please open an issue on GitHub for any issues related to this experimental feature.
  ckpt = torch.load(ckpt_path, map_location="cpu")
/users/mazhanyu/Projects/Marigold/depthfm/chmv2.py:157: FutureWarning: You are using `torch.load` with `weights_only=False` (the current default value), which uses the default pickle module implicitly. It is possible to construct malicious pickle data which will execute arbitrary code during unpickling (See https://github.com/pytorch/pytorch/blob/main/SECURITY.md#untrusted-models for more details). In a future release, the default value for `weights_only` will be flipped to `True`. This limits the functions that could be executed during unpickling. Arbitrary objects will no longer be allowed to be loaded via this mode unless they are explicitly allowlisted by the user via `torch.serialization.add_safe_globals`. We recommend you start setting `weights_only=True` for any use case where you don't have full control of the loaded file. Please open an issue on GitHub for any issues related to this experimental feature.
  ckpt = torch.load(ckpt_path, map_location="cpu")
/users/mazhanyu/Projects/Marigold/depthfm/chmv2.py:157: FutureWarning: You are using `torch.load` with `weights_only=False` (the current default value), which uses the default pickle module implicitly. It is possible to construct malicious pickle data which will execute arbitrary code during unpickling (See https://github.com/pytorch/pytorch/blob/main/SECURITY.md#untrusted-models for more details). In a future release, the default value for `weights_only` will be flipped to `True`. This limits the functions that could be executed during unpickling. Arbitrary objects will no longer be allowed to be loaded via this mode unless they are explicitly allowlisted by the user via `torch.serialization.add_safe_globals`. We recommend you start setting `weights_only=True` for any use case where you don't have full control of the loaded file. Please open an issue on GitHub for any issues related to this experimental feature.
  ckpt = torch.load(ckpt_path, map_location="cpu")
/users/mazhanyu/Projects/Marigold/depthfm/chmv2.py:157: FutureWarning: You are using `torch.load` with `weights_only=False` (the current default value), which uses the default pickle module implicitly. It is possible to construct malicious pickle data which will execute arbitrary code during unpickling (See https://github.com/pytorch/pytorch/blob/main/SECURITY.md#untrusted-models for more details). In a future release, the default value for `weights_only` will be flipped to `True`. This limits the functions that could be executed during unpickling. Arbitrary objects will no longer be allowed to be loaded via this mode unless they are explicitly allowlisted by the user via `torch.serialization.add_safe_globals`. We recommend you start setting `weights_only=True` for any use case where you don't have full control of the loaded file. Please open an issue on GitHub for any issues related to this experimental feature.
  ckpt = torch.load(ckpt_path, map_location="cpu")
/users/mazhanyu/Projects/Marigold/depthfm/chmv2.py:157: FutureWarning: You are using `torch.load` with `weights_only=False` (the current default value), which uses the default pickle module implicitly. It is possible to construct malicious pickle data which will execute arbitrary code during unpickling (See https://github.com/pytorch/pytorch/blob/main/SECURITY.md#untrusted-models for more details). In a future release, the default value for `weights_only` will be flipped to `True`. This limits the functions that could be executed during unpickling. Arbitrary objects will no longer be allowed to be loaded via this mode unless they are explicitly allowlisted by the user via `torch.serialization.add_safe_globals`. We recommend you start setting `weights_only=True` for any use case where you don't have full control of the loaded file. Please open an issue on GitHub for any issues related to this experimental feature.
  ckpt = torch.load(ckpt_path, map_location="cpu")
/users/mazhanyu/Projects/Marigold/depthfm/chmv2.py:157: FutureWarning: You are using `torch.load` with `weights_only=False` (the current default value), which uses the default pickle module implicitly. It is possible to construct malicious pickle data which will execute arbitrary code during unpickling (See https://github.com/pytorch/pytorch/blob/main/SECURITY.md#untrusted-models for more details). In a future release, the default value for `weights_only` will be flipped to `True`. This limits the functions that could be executed during unpickling. Arbitrary objects will no longer be allowed to be loaded via this mode unless they are explicitly allowlisted by the user via `torch.serialization.add_safe_globals`. We recommend you start setting `weights_only=True` for any use case where you don't have full control of the loaded file. Please open an issue on GitHub for any issues related to this experimental feature.
  ckpt = torch.load(ckpt_path, map_location="cpu")
/users/mazhanyu/Projects/Marigold/depthfm/chmv2.py:157: FutureWarning: You are using `torch.load` with `weights_only=False` (the current default value), which uses the default pickle module implicitly. It is possible to construct malicious pickle data which will execute arbitrary code during unpickling (See https://github.com/pytorch/pytorch/blob/main/SECURITY.md#untrusted-models for more details). In a future release, the default value for `weights_only` will be flipped to `True`. This limits the functions that could be executed during unpickling. Arbitrary objects will no longer be allowed to be loaded via this mode unless they are explicitly allowlisted by the user via `torch.serialization.add_safe_globals`. We recommend you start setting `weights_only=True` for any use case where you don't have full control of the loaded file. Please open an issue on GitHub for any issues related to this experimental feature.
  ckpt = torch.load(ckpt_path, map_location="cpu")
/users/mazhanyu/Projects/Marigold/depthfm/chmv2.py:157: FutureWarning: You are using `torch.load` with `weights_only=False` (the current default value), which uses the default pickle module implicitly. It is possible to construct malicious pickle data which will execute arbitrary code during unpickling (See https://github.com/pytorch/pytorch/blob/main/SECURITY.md#untrusted-models for more details). In a future release, the default value for `weights_only` will be flipped to `True`. This limits the functions that could be executed during unpickling. Arbitrary objects will no longer be allowed to be loaded via this mode unless they are explicitly allowlisted by the user via `torch.serialization.add_safe_globals`. We recommend you start setting `weights_only=True` for any use case where you don't have full control of the loaded file. Please open an issue on GitHub for any issues related to this experimental feature.
  ckpt = torch.load(ckpt_path, map_location="cpu")
/users/mazhanyu/Projects/Marigold/depthfm/chmv2.py:157: FutureWarning: You are using `torch.load` with `weights_only=False` (the current default value), which uses the default pickle module implicitly. It is possible to construct malicious pickle data which will execute arbitrary code during unpickling (See https://github.com/pytorch/pytorch/blob/main/SECURITY.md#untrusted-models for more details). In a future release, the default value for `weights_only` will be flipped to `True`. This limits the functions that could be executed during unpickling. Arbitrary objects will no longer be allowed to be loaded via this mode unless they are explicitly allowlisted by the user via `torch.serialization.add_safe_globals`. We recommend you start setting `weights_only=True` for any use case where you don't have full control of the loaded file. Please open an issue on GitHub for any issues related to this experimental feature.
  ckpt = torch.load(ckpt_path, map_location="cpu")
/users/mazhanyu/Projects/Marigold/depthfm/chmv2.py:157: FutureWarning: You are using `torch.load` with `weights_only=False` (the current default value), which uses the default pickle module implicitly. It is possible to construct malicious pickle data which will execute arbitrary code during unpickling (See https://github.com/pytorch/pytorch/blob/main/SECURITY.md#untrusted-models for more details). In a future release, the default value for `weights_only` will be flipped to `True`. This limits the functions that could be executed during unpickling. Arbitrary objects will no longer be allowed to be loaded via this mode unless they are explicitly allowlisted by the user via `torch.serialization.add_safe_globals`. We recommend you start setting `weights_only=True` for any use case where you don't have full control of the loaded file. Please open an issue on GitHub for any issues related to this experimental feature.
  ckpt = torch.load(ckpt_path, map_location="cpu")
/users/mazhanyu/Projects/Marigold/depthfm/chmv2.py:157: FutureWarning: You are using `torch.load` with `weights_only=False` (the current default value), which uses the default pickle module implicitly. It is possible to construct malicious pickle data which will execute arbitrary code during unpickling (See https://github.com/pytorch/pytorch/blob/main/SECURITY.md#untrusted-models for more details). In a future release, the default value for `weights_only` will be flipped to `True`. This limits the functions that could be executed during unpickling. Arbitrary objects will no longer be allowed to be loaded via this mode unless they are explicitly allowlisted by the user via `torch.serialization.add_safe_globals`. We recommend you start setting `weights_only=True` for any use case where you don't have full control of the loaded file. Please open an issue on GitHub for any issues related to this experimental feature.
  ckpt = torch.load(ckpt_path, map_location="cpu")
/users/mazhanyu/Projects/Marigold/depthfm/chmv2.py:157: FutureWarning: You are using `torch.load` with `weights_only=False` (the current default value), which uses the default pickle module implicitly. It is possible to construct malicious pickle data which will execute arbitrary code during unpickling (See https://github.com/pytorch/pytorch/blob/main/SECURITY.md#untrusted-models for more details). In a future release, the default value for `weights_only` will be flipped to `True`. This limits the functions that could be executed during unpickling. Arbitrary objects will no longer be allowed to be loaded via this mode unless they are explicitly allowlisted by the user via `torch.serialization.add_safe_globals`. We recommend you start setting `weights_only=True` for any use case where you don't have full control of the loaded file. Please open an issue on GitHub for any issues related to this experimental feature.
  ckpt = torch.load(ckpt_path, map_location="cpu")
/users/mazhanyu/Projects/Marigold/depthfm/chmv2.py:157: FutureWarning: You are using `torch.load` with `weights_only=False` (the current default value), which uses the default pickle module implicitly. It is possible to construct malicious pickle data which will execute arbitrary code during unpickling (See https://github.com/pytorch/pytorch/blob/main/SECURITY.md#untrusted-models for more details). In a future release, the default value for `weights_only` will be flipped to `True`. This limits the functions that could be executed during unpickling. Arbitrary objects will no longer be allowed to be loaded via this mode unless they are explicitly allowlisted by the user via `torch.serialization.add_safe_globals`. We recommend you start setting `weights_only=True` for any use case where you don't have full control of the loaded file. Please open an issue on GitHub for any issues related to this experimental feature.
  ckpt = torch.load(ckpt_path, map_location="cpu")
/users/mazhanyu/Projects/Marigold/depthfm/chmv2.py:157: FutureWarning: You are using `torch.load` with `weights_only=False` (the current default value), which uses the default pickle module implicitly. It is possible to construct malicious pickle data which will execute arbitrary code during unpickling (See https://github.com/pytorch/pytorch/blob/main/SECURITY.md#untrusted-models for more details). In a future release, the default value for `weights_only` will be flipped to `True`. This limits the functions that could be executed during unpickling. Arbitrary objects will no longer be allowed to be loaded via this mode unless they are explicitly allowlisted by the user via `torch.serialization.add_safe_globals`. We recommend you start setting `weights_only=True` for any use case where you don't have full control of the loaded file. Please open an issue on GitHub for any issues related to this experimental feature.
  ckpt = torch.load(ckpt_path, map_location="cpu")
/users/mazhanyu/Projects/Marigold/depthfm/chmv2.py:157: FutureWarning: You are using `torch.load` with `weights_only=False` (the current default value), which uses the default pickle module implicitly. It is possible to construct malicious pickle data which will execute arbitrary code during unpickling (See https://github.com/pytorch/pytorch/blob/main/SECURITY.md#untrusted-models for more details). In a future release, the default value for `weights_only` will be flipped to `True`. This limits the functions that could be executed during unpickling. Arbitrary objects will no longer be allowed to be loaded via this mode unless they are explicitly allowlisted by the user via `torch.serialization.add_safe_globals`. We recommend you start setting `weights_only=True` for any use case where you don't have full control of the loaded file. Please open an issue on GitHub for any issues related to this experimental feature.
  ckpt = torch.load(ckpt_path, map_location="cpu")
/users/mazhanyu/Projects/Marigold/depthfm/chmv2.py:157: FutureWarning: You are using `torch.load` with `weights_only=False` (the current default value), which uses the default pickle module implicitly. It is possible to construct malicious pickle data which will execute arbitrary code during unpickling (See https://github.com/pytorch/pytorch/blob/main/SECURITY.md#untrusted-models for more details). In a future release, the default value for `weights_only` will be flipped to `True`. This limits the functions that could be executed during unpickling. Arbitrary objects will no longer be allowed to be loaded via this mode unless they are explicitly allowlisted by the user via `torch.serialization.add_safe_globals`. We recommend you start setting `weights_only=True` for any use case where you don't have full control of the loaded file. Please open an issue on GitHub for any issues related to this experimental feature.
  ckpt = torch.load(ckpt_path, map_location="cpu")
/users/mazhanyu/Projects/Marigold/depthfm/chmv2.py:157: FutureWarning: You are using `torch.load` with `weights_only=False` (the current default value), which uses the default pickle module implicitly. It is possible to construct malicious pickle data which will execute arbitrary code during unpickling (See https://github.com/pytorch/pytorch/blob/main/SECURITY.md#untrusted-models for more details). In a future release, the default value for `weights_only` will be flipped to `True`. This limits the functions that could be executed during unpickling. Arbitrary objects will no longer be allowed to be loaded via this mode unless they are explicitly allowlisted by the user via `torch.serialization.add_safe_globals`. We recommend you start setting `weights_only=True` for any use case where you don't have full control of the loaded file. Please open an issue on GitHub for any issues related to this experimental feature.
  ckpt = torch.load(ckpt_path, map_location="cpu")
/users/mazhanyu/Projects/Marigold/depthfm/chmv2.py:157: FutureWarning: You are using `torch.load` with `weights_only=False` (the current default value), which uses the default pickle module implicitly. It is possible to construct malicious pickle data which will execute arbitrary code during unpickling (See https://github.com/pytorch/pytorch/blob/main/SECURITY.md#untrusted-models for more details). In a future release, the default value for `weights_only` will be flipped to `True`. This limits the functions that could be executed during unpickling. Arbitrary objects will no longer be allowed to be loaded via this mode unless they are explicitly allowlisted by the user via `torch.serialization.add_safe_globals`. We recommend you start setting `weights_only=True` for any use case where you don't have full control of the loaded file. Please open an issue on GitHub for any issues related to this experimental feature.
  ckpt = torch.load(ckpt_path, map_location="cpu")
/users/mazhanyu/Projects/Marigold/depthfm/chmv2.py:157: FutureWarning: You are using `torch.load` with `weights_only=False` (the current default value), which uses the default pickle module implicitly. It is possible to construct malicious pickle data which will execute arbitrary code during unpickling (See https://github.com/pytorch/pytorch/blob/main/SECURITY.md#untrusted-models for more details). In a future release, the default value for `weights_only` will be flipped to `True`. This limits the functions that could be executed during unpickling. Arbitrary objects will no longer be allowed to be loaded via this mode unless they are explicitly allowlisted by the user via `torch.serialization.add_safe_globals`. We recommend you start setting `weights_only=True` for any use case where you don't have full control of the loaded file. Please open an issue on GitHub for any issues related to this experimental feature.
  ckpt = torch.load(ckpt_path, map_location="cpu")
/users/mazhanyu/Projects/Marigold/depthfm/chmv2.py:157: FutureWarning: You are using `torch.load` with `weights_only=False` (the current default value), which uses the default pickle module implicitly. It is possible to construct malicious pickle data which will execute arbitrary code during unpickling (See https://github.com/pytorch/pytorch/blob/main/SECURITY.md#untrusted-models for more details). In a future release, the default value for `weights_only` will be flipped to `True`. This limits the functions that could be executed during unpickling. Arbitrary objects will no longer be allowed to be loaded via this mode unless they are explicitly allowlisted by the user via `torch.serialization.add_safe_globals`. We recommend you start setting `weights_only=True` for any use case where you don't have full control of the loaded file. Please open an issue on GitHub for any issues related to this experimental feature.
  ckpt = torch.load(ckpt_path, map_location="cpu")
/users/mazhanyu/Projects/Marigold/depthfm/chmv2.py:157: FutureWarning: You are using `torch.load` with `weights_only=False` (the current default value), which uses the default pickle module implicitly. It is possible to construct malicious pickle data which will execute arbitrary code during unpickling (See https://github.com/pytorch/pytorch/blob/main/SECURITY.md#untrusted-models for more details). In a future release, the default value for `weights_only` will be flipped to `True`. This limits the functions that could be executed during unpickling. Arbitrary objects will no longer be allowed to be loaded via this mode unless they are explicitly allowlisted by the user via `torch.serialization.add_safe_globals`. We recommend you start setting `weights_only=True` for any use case where you don't have full control of the loaded file. Please open an issue on GitHub for any issues related to this experimental feature.
  ckpt = torch.load(ckpt_path, map_location="cpu")
/users/mazhanyu/Projects/Marigold/depthfm/chmv2.py:157: FutureWarning: You are using `torch.load` with `weights_only=False` (the current default value), which uses the default pickle module implicitly. It is possible to construct malicious pickle data which will execute arbitrary code during unpickling (See https://github.com/pytorch/pytorch/blob/main/SECURITY.md#untrusted-models for more details). In a future release, the default value for `weights_only` will be flipped to `True`. This limits the functions that could be executed during unpickling. Arbitrary objects will no longer be allowed to be loaded via this mode unless they are explicitly allowlisted by the user via `torch.serialization.add_safe_globals`. We recommend you start setting `weights_only=True` for any use case where you don't have full control of the loaded file. Please open an issue on GitHub for any issues related to this experimental feature.
  ckpt = torch.load(ckpt_path, map_location="cpu")
/users/mazhanyu/Projects/Marigold/depthfm/chmv2.py:157: FutureWarning: You are using `torch.load` with `weights_only=False` (the current default value), which uses the default pickle module implicitly. It is possible to construct malicious pickle data which will execute arbitrary code during unpickling (See https://github.com/pytorch/pytorch/blob/main/SECURITY.md#untrusted-models for more details). In a future release, the default value for `weights_only` will be flipped to `True`. This limits the functions that could be executed during unpickling. Arbitrary objects will no longer be allowed to be loaded via this mode unless they are explicitly allowlisted by the user via `torch.serialization.add_safe_globals`. We recommend you start setting `weights_only=True` for any use case where you don't have full control of the loaded file. Please open an issue on GitHub for any issues related to this experimental feature.
  ckpt = torch.load(ckpt_path, map_location="cpu")
/users/mazhanyu/Projects/Marigold/depthfm/chmv2.py:157: FutureWarning: You are using `torch.load` with `weights_only=False` (the current default value), which uses the default pickle module implicitly. It is possible to construct malicious pickle data which will execute arbitrary code during unpickling (See https://github.com/pytorch/pytorch/blob/main/SECURITY.md#untrusted-models for more details). In a future release, the default value for `weights_only` will be flipped to `True`. This limits the functions that could be executed during unpickling. Arbitrary objects will no longer be allowed to be loaded via this mode unless they are explicitly allowlisted by the user via `torch.serialization.add_safe_globals`. We recommend you start setting `weights_only=True` for any use case where you don't have full control of the loaded file. Please open an issue on GitHub for any issues related to this experimental feature.
  ckpt = torch.load(ckpt_path, map_location="cpu")
/users/mazhanyu/Projects/Marigold/depthfm/chmv2.py:157: FutureWarning: You are using `torch.load` with `weights_only=False` (the current default value), which uses the default pickle module implicitly. It is possible to construct malicious pickle data which will execute arbitrary code during unpickling (See https://github.com/pytorch/pytorch/blob/main/SECURITY.md#untrusted-models for more details). In a future release, the default value for `weights_only` will be flipped to `True`. This limits the functions that could be executed during unpickling. Arbitrary objects will no longer be allowed to be loaded via this mode unless they are explicitly allowlisted by the user via `torch.serialization.add_safe_globals`. We recommend you start setting `weights_only=True` for any use case where you don't have full control of the loaded file. Please open an issue on GitHub for any issues related to this experimental feature.
  ckpt = torch.load(ckpt_path, map_location="cpu")
/users/mazhanyu/Projects/Marigold/depthfm/chmv2.py:157: FutureWarning: You are using `torch.load` with `weights_only=False` (the current default value), which uses the default pickle module implicitly. It is possible to construct malicious pickle data which will execute arbitrary code during unpickling (See https://github.com/pytorch/pytorch/blob/main/SECURITY.md#untrusted-models for more details). In a future release, the default value for `weights_only` will be flipped to `True`. This limits the functions that could be executed during unpickling. Arbitrary objects will no longer be allowed to be loaded via this mode unless they are explicitly allowlisted by the user via `torch.serialization.add_safe_globals`. We recommend you start setting `weights_only=True` for any use case where you don't have full control of the loaded file. Please open an issue on GitHub for any issues related to this experimental feature.
  ckpt = torch.load(ckpt_path, map_location="cpu")
/users/mazhanyu/Projects/Marigold/depthfm/chmv2.py:157: FutureWarning: You are using `torch.load` with `weights_only=False` (the current default value), which uses the default pickle module implicitly. It is possible to construct malicious pickle data which will execute arbitrary code during unpickling (See https://github.com/pytorch/pytorch/blob/main/SECURITY.md#untrusted-models for more details). In a future release, the default value for `weights_only` will be flipped to `True`. This limits the functions that could be executed during unpickling. Arbitrary objects will no longer be allowed to be loaded via this mode unless they are explicitly allowlisted by the user via `torch.serialization.add_safe_globals`. We recommend you start setting `weights_only=True` for any use case where you don't have full control of the loaded file. Please open an issue on GitHub for any issues related to this experimental feature.
  ckpt = torch.load(ckpt_path, map_location="cpu")
/users/mazhanyu/Projects/Marigold/depthfm/chmv2.py:157: FutureWarning: You are using `torch.load` with `weights_only=False` (the current default value), which uses the default pickle module implicitly. It is possible to construct malicious pickle data which will execute arbitrary code during unpickling (See https://github.com/pytorch/pytorch/blob/main/SECURITY.md#untrusted-models for more details). In a future release, the default value for `weights_only` will be flipped to `True`. This limits the functions that could be executed during unpickling. Arbitrary objects will no longer be allowed to be loaded via this mode unless they are explicitly allowlisted by the user via `torch.serialization.add_safe_globals`. We recommend you start setting `weights_only=True` for any use case where you don't have full control of the loaded file. Please open an issue on GitHub for any issues related to this experimental feature.
  ckpt = torch.load(ckpt_path, map_location="cpu")
/users/mazhanyu/Projects/Marigold/depthfm/chmv2.py:157: FutureWarning: You are using `torch.load` with `weights_only=False` (the current default value), which uses the default pickle module implicitly. It is possible to construct malicious pickle data which will execute arbitrary code during unpickling (See https://github.com/pytorch/pytorch/blob/main/SECURITY.md#untrusted-models for more details). In a future release, the default value for `weights_only` will be flipped to `True`. This limits the functions that could be executed during unpickling. Arbitrary objects will no longer be allowed to be loaded via this mode unless they are explicitly allowlisted by the user via `torch.serialization.add_safe_globals`. We recommend you start setting `weights_only=True` for any use case where you don't have full control of the loaded file. Please open an issue on GitHub for any issues related to this experimental feature.
  ckpt = torch.load(ckpt_path, map_location="cpu")
/users/mazhanyu/Projects/Marigold/depthfm/chmv2.py:157: FutureWarning: You are using `torch.load` with `weights_only=False` (the current default value), which uses the default pickle module implicitly. It is possible to construct malicious pickle data which will execute arbitrary code during unpickling (See https://github.com/pytorch/pytorch/blob/main/SECURITY.md#untrusted-models for more details). In a future release, the default value for `weights_only` will be flipped to `True`. This limits the functions that could be executed during unpickling. Arbitrary objects will no longer be allowed to be loaded via this mode unless they are explicitly allowlisted by the user via `torch.serialization.add_safe_globals`. We recommend you start setting `weights_only=True` for any use case where you don't have full control of the loaded file. Please open an issue on GitHub for any issues related to this experimental feature.
  ckpt = torch.load(ckpt_path, map_location="cpu")
/users/mazhanyu/Projects/Marigold/depthfm/chmv2.py:157: FutureWarning: You are using `torch.load` with `weights_only=False` (the current default value), which uses the default pickle module implicitly. It is possible to construct malicious pickle data which will execute arbitrary code during unpickling (See https://github.com/pytorch/pytorch/blob/main/SECURITY.md#untrusted-models for more details). In a future release, the default value for `weights_only` will be flipped to `True`. This limits the functions that could be executed during unpickling. Arbitrary objects will no longer be allowed to be loaded via this mode unless they are explicitly allowlisted by the user via `torch.serialization.add_safe_globals`. We recommend you start setting `weights_only=True` for any use case where you don't have full control of the loaded file. Please open an issue on GitHub for any issues related to this experimental feature.
  ckpt = torch.load(ckpt_path, map_location="cpu")
/users/mazhanyu/Projects/Marigold/depthfm/chmv2.py:157: FutureWarning: You are using `torch.load` with `weights_only=False` (the current default value), which uses the default pickle module implicitly. It is possible to construct malicious pickle data which will execute arbitrary code during unpickling (See https://github.com/pytorch/pytorch/blob/main/SECURITY.md#untrusted-models for more details). In a future release, the default value for `weights_only` will be flipped to `True`. This limits the functions that could be executed during unpickling. Arbitrary objects will no longer be allowed to be loaded via this mode unless they are explicitly allowlisted by the user via `torch.serialization.add_safe_globals`. We recommend you start setting `weights_only=True` for any use case where you don't have full control of the loaded file. Please open an issue on GitHub for any issues related to this experimental feature.
  ckpt = torch.load(ckpt_path, map_location="cpu")
/users/mazhanyu/Projects/Marigold/depthfm/chmv2.py:157: FutureWarning: You are using `torch.load` with `weights_only=False` (the current default value), which uses the default pickle module implicitly. It is possible to construct malicious pickle data which will execute arbitrary code during unpickling (See https://github.com/pytorch/pytorch/blob/main/SECURITY.md#untrusted-models for more details). In a future release, the default value for `weights_only` will be flipped to `True`. This limits the functions that could be executed during unpickling. Arbitrary objects will no longer be allowed to be loaded via this mode unless they are explicitly allowlisted by the user via `torch.serialization.add_safe_globals`. We recommend you start setting `weights_only=True` for any use case where you don't have full control of the loaded file. Please open an issue on GitHub for any issues related to this experimental feature.
  ckpt = torch.load(ckpt_path, map_location="cpu")
/users/mazhanyu/Projects/Marigold/depthfm/chmv2.py:157: FutureWarning: You are using `torch.load` with `weights_only=False` (the current default value), which uses the default pickle module implicitly. It is possible to construct malicious pickle data which will execute arbitrary code during unpickling (See https://github.com/pytorch/pytorch/blob/main/SECURITY.md#untrusted-models for more details). In a future release, the default value for `weights_only` will be flipped to `True`. This limits the functions that could be executed during unpickling. Arbitrary objects will no longer be allowed to be loaded via this mode unless they are explicitly allowlisted by the user via `torch.serialization.add_safe_globals`. We recommend you start setting `weights_only=True` for any use case where you don't have full control of the loaded file. Please open an issue on GitHub for any issues related to this experimental feature.
  ckpt = torch.load(ckpt_path, map_location="cpu")
/users/mazhanyu/Projects/Marigold/depthfm/chmv2.py:157: FutureWarning: You are using `torch.load` with `weights_only=False` (the current default value), which uses the default pickle module implicitly. It is possible to construct malicious pickle data which will execute arbitrary code during unpickling (See https://github.com/pytorch/pytorch/blob/main/SECURITY.md#untrusted-models for more details). In a future release, the default value for `weights_only` will be flipped to `True`. This limits the functions that could be executed during unpickling. Arbitrary objects will no longer be allowed to be loaded via this mode unless they are explicitly allowlisted by the user via `torch.serialization.add_safe_globals`. We recommend you start setting `weights_only=True` for any use case where you don't have full control of the loaded file. Please open an issue on GitHub for any issues related to this experimental feature.
  ckpt = torch.load(ckpt_path, map_location="cpu")
/users/mazhanyu/Projects/Marigold/depthfm/chmv2.py:157: FutureWarning: You are using `torch.load` with `weights_only=False` (the current default value), which uses the default pickle module implicitly. It is possible to construct malicious pickle data which will execute arbitrary code during unpickling (See https://github.com/pytorch/pytorch/blob/main/SECURITY.md#untrusted-models for more details). In a future release, the default value for `weights_only` will be flipped to `True`. This limits the functions that could be executed during unpickling. Arbitrary objects will no longer be allowed to be loaded via this mode unless they are explicitly allowlisted by the user via `torch.serialization.add_safe_globals`. We recommend you start setting `weights_only=True` for any use case where you don't have full control of the loaded file. Please open an issue on GitHub for any issues related to this experimental feature.
  ckpt = torch.load(ckpt_path, map_location="cpu")
/users/mazhanyu/Projects/Marigold/depthfm/chmv2.py:157: FutureWarning: You are using `torch.load` with `weights_only=False` (the current default value), which uses the default pickle module implicitly. It is possible to construct malicious pickle data which will execute arbitrary code during unpickling (See https://github.com/pytorch/pytorch/blob/main/SECURITY.md#untrusted-models for more details). In a future release, the default value for `weights_only` will be flipped to `True`. This limits the functions that could be executed during unpickling. Arbitrary objects will no longer be allowed to be loaded via this mode unless they are explicitly allowlisted by the user via `torch.serialization.add_safe_globals`. We recommend you start setting `weights_only=True` for any use case where you don't have full control of the loaded file. Please open an issue on GitHub for any issues related to this experimental feature.
  ckpt = torch.load(ckpt_path, map_location="cpu")
/users/mazhanyu/Projects/Marigold/depthfm/chmv2.py:157: FutureWarning: You are using `torch.load` with `weights_only=False` (the current default value), which uses the default pickle module implicitly. It is possible to construct malicious pickle data which will execute arbitrary code during unpickling (See https://github.com/pytorch/pytorch/blob/main/SECURITY.md#untrusted-models for more details). In a future release, the default value for `weights_only` will be flipped to `True`. This limits the functions that could be executed during unpickling. Arbitrary objects will no longer be allowed to be loaded via this mode unless they are explicitly allowlisted by the user via `torch.serialization.add_safe_globals`. We recommend you start setting `weights_only=True` for any use case where you don't have full control of the loaded file. Please open an issue on GitHub for any issues related to this experimental feature.
  ckpt = torch.load(ckpt_path, map_location="cpu")
/users/mazhanyu/Projects/Marigold/depthfm/chmv2.py:157: FutureWarning: You are using `torch.load` with `weights_only=False` (the current default value), which uses the default pickle module implicitly. It is possible to construct malicious pickle data which will execute arbitrary code during unpickling (See https://github.com/pytorch/pytorch/blob/main/SECURITY.md#untrusted-models for more details). In a future release, the default value for `weights_only` will be flipped to `True`. This limits the functions that could be executed during unpickling. Arbitrary objects will no longer be allowed to be loaded via this mode unless they are explicitly allowlisted by the user via `torch.serialization.add_safe_globals`. We recommend you start setting `weights_only=True` for any use case where you don't have full control of the loaded file. Please open an issue on GitHub for any issues related to this experimental feature.
  ckpt = torch.load(ckpt_path, map_location="cpu")
/users/mazhanyu/Projects/Marigold/depthfm/chmv2.py:157: FutureWarning: You are using `torch.load` with `weights_only=False` (the current default value), which uses the default pickle module implicitly. It is possible to construct malicious pickle data which will execute arbitrary code during unpickling (See https://github.com/pytorch/pytorch/blob/main/SECURITY.md#untrusted-models for more details). In a future release, the default value for `weights_only` will be flipped to `True`. This limits the functions that could be executed during unpickling. Arbitrary objects will no longer be allowed to be loaded via this mode unless they are explicitly allowlisted by the user via `torch.serialization.add_safe_globals`. We recommend you start setting `weights_only=True` for any use case where you don't have full control of the loaded file. Please open an issue on GitHub for any issues related to this experimental feature.
  ckpt = torch.load(ckpt_path, map_location="cpu")
/users/mazhanyu/Projects/Marigold/depthfm/chmv2.py:157: FutureWarning: You are using `torch.load` with `weights_only=False` (the current default value), which uses the default pickle module implicitly. It is possible to construct malicious pickle data which will execute arbitrary code during unpickling (See https://github.com/pytorch/pytorch/blob/main/SECURITY.md#untrusted-models for more details). In a future release, the default value for `weights_only` will be flipped to `True`. This limits the functions that could be executed during unpickling. Arbitrary objects will no longer be allowed to be loaded via this mode unless they are explicitly allowlisted by the user via `torch.serialization.add_safe_globals`. We recommend you start setting `weights_only=True` for any use case where you don't have full control of the loaded file. Please open an issue on GitHub for any issues related to this experimental feature.
  ckpt = torch.load(ckpt_path, map_location="cpu")
/users/mazhanyu/Projects/Marigold/depthfm/chmv2.py:157: FutureWarning: You are using `torch.load` with `weights_only=False` (the current default value), which uses the default pickle module implicitly. It is possible to construct malicious pickle data which will execute arbitrary code during unpickling (See https://github.com/pytorch/pytorch/blob/main/SECURITY.md#untrusted-models for more details). In a future release, the default value for `weights_only` will be flipped to `True`. This limits the functions that could be executed during unpickling. Arbitrary objects will no longer be allowed to be loaded via this mode unless they are explicitly allowlisted by the user via `torch.serialization.add_safe_globals`. We recommend you start setting `weights_only=True` for any use case where you don't have full control of the loaded file. Please open an issue on GitHub for any issues related to this experimental feature.
  ckpt = torch.load(ckpt_path, map_location="cpu")
/opt/cotainr/conda/envs/conda_container_env/lib/python3.12/site-packages/torch/functional.py:534: UserWarning: torch.meshgrid: in an upcoming release, it will be required to pass the indexing argument. (Triggered internally at ../aten/src/ATen/native/TensorShape.cpp:3595.)
  return _VF.meshgrid(tensors, **kwargs)  # type: ignore[attr-defined]
/opt/cotainr/conda/envs/conda_container_env/lib/python3.12/site-packages/torch/functional.py:534: UserWarning: torch.meshgrid: in an upcoming release, it will be required to pass the indexing argument. (Triggered internally at ../aten/src/ATen/native/TensorShape.cpp:3595.)
  return _VF.meshgrid(tensors, **kwargs)  # type: ignore[attr-defined]
/opt/cotainr/conda/envs/conda_container_env/lib/python3.12/site-packages/torch/functional.py:534: UserWarning: torch.meshgrid: in an upcoming release, it will be required to pass the indexing argument. (Triggered internally at ../aten/src/ATen/native/TensorShape.cpp:3595.)
  return _VF.meshgrid(tensors, **kwargs)  # type: ignore[attr-defined]
/opt/cotainr/conda/envs/conda_container_env/lib/python3.12/site-packages/torch/functional.py:534: UserWarning: torch.meshgrid: in an upcoming release, it will be required to pass the indexing argument. (Triggered internally at ../aten/src/ATen/native/TensorShape.cpp:3595.)
  return _VF.meshgrid(tensors, **kwargs)  # type: ignore[attr-defined]
/opt/cotainr/conda/envs/conda_container_env/lib/python3.12/site-packages/torch/functional.py:534: UserWarning: torch.meshgrid: in an upcoming release, it will be required to pass the indexing argument. (Triggered internally at ../aten/src/ATen/native/TensorShape.cpp:3595.)
  return _VF.meshgrid(tensors, **kwargs)  # type: ignore[attr-defined]
/opt/cotainr/conda/envs/conda_container_env/lib/python3.12/site-packages/torch/functional.py:534: UserWarning: torch.meshgrid: in an upcoming release, it will be required to pass the indexing argument. (Triggered internally at ../aten/src/ATen/native/TensorShape.cpp:3595.)
  return _VF.meshgrid(tensors, **kwargs)  # type: ignore[attr-defined]
/opt/cotainr/conda/envs/conda_container_env/lib/python3.12/site-packages/torch/functional.py:534: UserWarning: torch.meshgrid: in an upcoming release, it will be required to pass the indexing argument. (Triggered internally at ../aten/src/ATen/native/TensorShape.cpp:3595.)
  return _VF.meshgrid(tensors, **kwargs)  # type: ignore[attr-defined]
/opt/cotainr/conda/envs/conda_container_env/lib/python3.12/site-packages/torch/functional.py:534: UserWarning: torch.meshgrid: in an upcoming release, it will be required to pass the indexing argument. (Triggered internally at ../aten/src/ATen/native/TensorShape.cpp:3595.)
  return _VF.meshgrid(tensors, **kwargs)  # type: ignore[attr-defined]
/users/mazhanyu/Projects/Marigold/depthfm/chmv2.py:157: FutureWarning: You are using `torch.load` with `weights_only=False` (the current default value), which uses the default pickle module implicitly. It is possible to construct malicious pickle data which will execute arbitrary code during unpickling (See https://github.com/pytorch/pytorch/blob/main/SECURITY.md#untrusted-models for more details). In a future release, the default value for `weights_only` will be flipped to `True`. This limits the functions that could be executed during unpickling. Arbitrary objects will no longer be allowed to be loaded via this mode unless they are explicitly allowlisted by the user via `torch.serialization.add_safe_globals`. We recommend you start setting `weights_only=True` for any use case where you don't have full control of the loaded file. Please open an issue on GitHub for any issues related to this experimental feature.
  ckpt = torch.load(ckpt_path, map_location="cpu")
/users/mazhanyu/Projects/Marigold/depthfm/chmv2.py:157: FutureWarning: You are using `torch.load` with `weights_only=False` (the current default value), which uses the default pickle module implicitly. It is possible to construct malicious pickle data which will execute arbitrary code during unpickling (See https://github.com/pytorch/pytorch/blob/main/SECURITY.md#untrusted-models for more details). In a future release, the default value for `weights_only` will be flipped to `True`. This limits the functions that could be executed during unpickling. Arbitrary objects will no longer be allowed to be loaded via this mode unless they are explicitly allowlisted by the user via `torch.serialization.add_safe_globals`. We recommend you start setting `weights_only=True` for any use case where you don't have full control of the loaded file. Please open an issue on GitHub for any issues related to this experimental feature.
  ckpt = torch.load(ckpt_path, map_location="cpu")
/users/mazhanyu/Projects/Marigold/depthfm/chmv2.py:157: FutureWarning: You are using `torch.load` with `weights_only=False` (the current default value), which uses the default pickle module implicitly. It is possible to construct malicious pickle data which will execute arbitrary code during unpickling (See https://github.com/pytorch/pytorch/blob/main/SECURITY.md#untrusted-models for more details). In a future release, the default value for `weights_only` will be flipped to `True`. This limits the functions that could be executed during unpickling. Arbitrary objects will no longer be allowed to be loaded via this mode unless they are explicitly allowlisted by the user via `torch.serialization.add_safe_globals`. We recommend you start setting `weights_only=True` for any use case where you don't have full control of the loaded file. Please open an issue on GitHub for any issues related to this experimental feature.
  ckpt = torch.load(ckpt_path, map_location="cpu")
/users/mazhanyu/Projects/Marigold/depthfm/chmv2.py:157: FutureWarning: You are using `torch.load` with `weights_only=False` (the current default value), which uses the default pickle module implicitly. It is possible to construct malicious pickle data which will execute arbitrary code during unpickling (See https://github.com/pytorch/pytorch/blob/main/SECURITY.md#untrusted-models for more details). In a future release, the default value for `weights_only` will be flipped to `True`. This limits the functions that could be executed during unpickling. Arbitrary objects will no longer be allowed to be loaded via this mode unless they are explicitly allowlisted by the user via `torch.serialization.add_safe_globals`. We recommend you start setting `weights_only=True` for any use case where you don't have full control of the loaded file. Please open an issue on GitHub for any issues related to this experimental feature.
  ckpt = torch.load(ckpt_path, map_location="cpu")
/users/mazhanyu/Projects/Marigold/depthfm/chmv2.py:157: FutureWarning: You are using `torch.load` with `weights_only=False` (the current default value), which uses the default pickle module implicitly. It is possible to construct malicious pickle data which will execute arbitrary code during unpickling (See https://github.com/pytorch/pytorch/blob/main/SECURITY.md#untrusted-models for more details). In a future release, the default value for `weights_only` will be flipped to `True`. This limits the functions that could be executed during unpickling. Arbitrary objects will no longer be allowed to be loaded via this mode unless they are explicitly allowlisted by the user via `torch.serialization.add_safe_globals`. We recommend you start setting `weights_only=True` for any use case where you don't have full control of the loaded file. Please open an issue on GitHub for any issues related to this experimental feature.
  ckpt = torch.load(ckpt_path, map_location="cpu")
/users/mazhanyu/Projects/Marigold/depthfm/chmv2.py:157: FutureWarning: You are using `torch.load` with `weights_only=False` (the current default value), which uses the default pickle module implicitly. It is possible to construct malicious pickle data which will execute arbitrary code during unpickling (See https://github.com/pytorch/pytorch/blob/main/SECURITY.md#untrusted-models for more details). In a future release, the default value for `weights_only` will be flipped to `True`. This limits the functions that could be executed during unpickling. Arbitrary objects will no longer be allowed to be loaded via this mode unless they are explicitly allowlisted by the user via `torch.serialization.add_safe_globals`. We recommend you start setting `weights_only=True` for any use case where you don't have full control of the loaded file. Please open an issue on GitHub for any issues related to this experimental feature.
  ckpt = torch.load(ckpt_path, map_location="cpu")
/users/mazhanyu/Projects/Marigold/depthfm/chmv2.py:157: FutureWarning: You are using `torch.load` with `weights_only=False` (the current default value), which uses the default pickle module implicitly. It is possible to construct malicious pickle data which will execute arbitrary code during unpickling (See https://github.com/pytorch/pytorch/blob/main/SECURITY.md#untrusted-models for more details). In a future release, the default value for `weights_only` will be flipped to `True`. This limits the functions that could be executed during unpickling. Arbitrary objects will no longer be allowed to be loaded via this mode unless they are explicitly allowlisted by the user via `torch.serialization.add_safe_globals`. We recommend you start setting `weights_only=True` for any use case where you don't have full control of the loaded file. Please open an issue on GitHub for any issues related to this experimental feature.
  ckpt = torch.load(ckpt_path, map_location="cpu")
/users/mazhanyu/Projects/Marigold/depthfm/chmv2.py:157: FutureWarning: You are using `torch.load` with `weights_only=False` (the current default value), which uses the default pickle module implicitly. It is possible to construct malicious pickle data which will execute arbitrary code during unpickling (See https://github.com/pytorch/pytorch/blob/main/SECURITY.md#untrusted-models for more details). In a future release, the default value for `weights_only` will be flipped to `True`. This limits the functions that could be executed during unpickling. Arbitrary objects will no longer be allowed to be loaded via this mode unless they are explicitly allowlisted by the user via `torch.serialization.add_safe_globals`. We recommend you start setting `weights_only=True` for any use case where you don't have full control of the loaded file. Please open an issue on GitHub for any issues related to this experimental feature.
  ckpt = torch.load(ckpt_path, map_location="cpu")
/opt/cotainr/conda/envs/conda_container_env/lib/python3.12/site-packages/torch/functional.py:534: UserWarning: torch.meshgrid: in an upcoming release, it will be required to pass the indexing argument. (Triggered internally at ../aten/src/ATen/native/TensorShape.cpp:3595.)
  return _VF.meshgrid(tensors, **kwargs)  # type: ignore[attr-defined]
/opt/cotainr/conda/envs/conda_container_env/lib/python3.12/site-packages/torch/functional.py:534: UserWarning: torch.meshgrid: in an upcoming release, it will be required to pass the indexing argument. (Triggered internally at ../aten/src/ATen/native/TensorShape.cpp:3595.)
  return _VF.meshgrid(tensors, **kwargs)  # type: ignore[attr-defined]
/opt/cotainr/conda/envs/conda_container_env/lib/python3.12/site-packages/torch/functional.py:534: UserWarning: torch.meshgrid: in an upcoming release, it will be required to pass the indexing argument. (Triggered internally at ../aten/src/ATen/native/TensorShape.cpp:3595.)
  return _VF.meshgrid(tensors, **kwargs)  # type: ignore[attr-defined]
/opt/cotainr/conda/envs/conda_container_env/lib/python3.12/site-packages/torch/functional.py:534: UserWarning: torch.meshgrid: in an upcoming release, it will be required to pass the indexing argument. (Triggered internally at ../aten/src/ATen/native/TensorShape.cpp:3595.)
  return _VF.meshgrid(tensors, **kwargs)  # type: ignore[attr-defined]
/opt/cotainr/conda/envs/conda_container_env/lib/python3.12/site-packages/torch/functional.py:534: UserWarning: torch.meshgrid: in an upcoming release, it will be required to pass the indexing argument. (Triggered internally at ../aten/src/ATen/native/TensorShape.cpp:3595.)
  return _VF.meshgrid(tensors, **kwargs)  # type: ignore[attr-defined]
/opt/cotainr/conda/envs/conda_container_env/lib/python3.12/site-packages/torch/functional.py:534: UserWarning: torch.meshgrid: in an upcoming release, it will be required to pass the indexing argument. (Triggered internally at ../aten/src/ATen/native/TensorShape.cpp:3595.)
  return _VF.meshgrid(tensors, **kwargs)  # type: ignore[attr-defined]
/opt/cotainr/conda/envs/conda_container_env/lib/python3.12/site-packages/torch/functional.py:534: UserWarning: torch.meshgrid: in an upcoming release, it will be required to pass the indexing argument. (Triggered internally at ../aten/src/ATen/native/TensorShape.cpp:3595.)
  return _VF.meshgrid(tensors, **kwargs)  # type: ignore[attr-defined]
/opt/cotainr/conda/envs/conda_container_env/lib/python3.12/site-packages/torch/functional.py:534: UserWarning: torch.meshgrid: in an upcoming release, it will be required to pass the indexing argument. (Triggered internally at ../aten/src/ATen/native/TensorShape.cpp:3595.)
  return _VF.meshgrid(tensors, **kwargs)  # type: ignore[attr-defined]
/opt/cotainr/conda/envs/conda_container_env/lib/python3.12/site-packages/torch/functional.py:534: UserWarning: torch.meshgrid: in an upcoming release, it will be required to pass the indexing argument. (Triggered internally at ../aten/src/ATen/native/TensorShape.cpp:3595.)
  return _VF.meshgrid(tensors, **kwargs)  # type: ignore[attr-defined]
/opt/cotainr/conda/envs/conda_container_env/lib/python3.12/site-packages/torch/functional.py:534: UserWarning: torch.meshgrid: in an upcoming release, it will be required to pass the indexing argument. (Triggered internally at ../aten/src/ATen/native/TensorShape.cpp:3595.)
  return _VF.meshgrid(tensors, **kwargs)  # type: ignore[attr-defined]
/opt/cotainr/conda/envs/conda_container_env/lib/python3.12/site-packages/torch/functional.py:534: UserWarning: torch.meshgrid: in an upcoming release, it will be required to pass the indexing argument. (Triggered internally at ../aten/src/ATen/native/TensorShape.cpp:3595.)
  return _VF.meshgrid(tensors, **kwargs)  # type: ignore[attr-defined]
/opt/cotainr/conda/envs/conda_container_env/lib/python3.12/site-packages/torch/functional.py:534: UserWarning: torch.meshgrid: in an upcoming release, it will be required to pass the indexing argument. (Triggered internally at ../aten/src/ATen/native/TensorShape.cpp:3595.)
  return _VF.meshgrid(tensors, **kwargs)  # type: ignore[attr-defined]
/opt/cotainr/conda/envs/conda_container_env/lib/python3.12/site-packages/torch/functional.py:534: UserWarning: torch.meshgrid: in an upcoming release, it will be required to pass the indexing argument. (Triggered internally at ../aten/src/ATen/native/TensorShape.cpp:3595.)
  return _VF.meshgrid(tensors, **kwargs)  # type: ignore[attr-defined]
/opt/cotainr/conda/envs/conda_container_env/lib/python3.12/site-packages/torch/functional.py:534: UserWarning: torch.meshgrid: in an upcoming release, it will be required to pass the indexing argument. (Triggered internally at ../aten/src/ATen/native/TensorShape.cpp:3595.)
  return _VF.meshgrid(tensors, **kwargs)  # type: ignore[attr-defined]
/opt/cotainr/conda/envs/conda_container_env/lib/python3.12/site-packages/torch/functional.py:534: UserWarning: torch.meshgrid: in an upcoming release, it will be required to pass the indexing argument. (Triggered internally at ../aten/src/ATen/native/TensorShape.cpp:3595.)
  return _VF.meshgrid(tensors, **kwargs)  # type: ignore[attr-defined]
/opt/cotainr/conda/envs/conda_container_env/lib/python3.12/site-packages/torch/functional.py:534: UserWarning: torch.meshgrid: in an upcoming release, it will be required to pass the indexing argument. (Triggered internally at ../aten/src/ATen/native/TensorShape.cpp:3595.)
  return _VF.meshgrid(tensors, **kwargs)  # type: ignore[attr-defined]
/opt/cotainr/conda/envs/conda_container_env/lib/python3.12/site-packages/torch/functional.py:534: UserWarning: torch.meshgrid: in an upcoming release, it will be required to pass the indexing argument. (Triggered internally at ../aten/src/ATen/native/TensorShape.cpp:3595.)
  return _VF.meshgrid(tensors, **kwargs)  # type: ignore[attr-defined]
/opt/cotainr/conda/envs/conda_container_env/lib/python3.12/site-packages/torch/functional.py:534: UserWarning: torch.meshgrid: in an upcoming release, it will be required to pass the indexing argument. (Triggered internally at ../aten/src/ATen/native/TensorShape.cpp:3595.)
  return _VF.meshgrid(tensors, **kwargs)  # type: ignore[attr-defined]
/opt/cotainr/conda/envs/conda_container_env/lib/python3.12/site-packages/torch/functional.py:534: UserWarning: torch.meshgrid: in an upcoming release, it will be required to pass the indexing argument. (Triggered internally at ../aten/src/ATen/native/TensorShape.cpp:3595.)
  return _VF.meshgrid(tensors, **kwargs)  # type: ignore[attr-defined]
/opt/cotainr/conda/envs/conda_container_env/lib/python3.12/site-packages/torch/functional.py:534: UserWarning: torch.meshgrid: in an upcoming release, it will be required to pass the indexing argument. (Triggered internally at ../aten/src/ATen/native/TensorShape.cpp:3595.)
  return _VF.meshgrid(tensors, **kwargs)  # type: ignore[attr-defined]
/opt/cotainr/conda/envs/conda_container_env/lib/python3.12/site-packages/torch/functional.py:534: UserWarning: torch.meshgrid: in an upcoming release, it will be required to pass the indexing argument. (Triggered internally at ../aten/src/ATen/native/TensorShape.cpp:3595.)
  return _VF.meshgrid(tensors, **kwargs)  # type: ignore[attr-defined]
/opt/cotainr/conda/envs/conda_container_env/lib/python3.12/site-packages/torch/functional.py:534: UserWarning: torch.meshgrid: in an upcoming release, it will be required to pass the indexing argument. (Triggered internally at ../aten/src/ATen/native/TensorShape.cpp:3595.)
  return _VF.meshgrid(tensors, **kwargs)  # type: ignore[attr-defined]
/opt/cotainr/conda/envs/conda_container_env/lib/python3.12/site-packages/torch/functional.py:534: UserWarning: torch.meshgrid: in an upcoming release, it will be required to pass the indexing argument. (Triggered internally at ../aten/src/ATen/native/TensorShape.cpp:3595.)
  return _VF.meshgrid(tensors, **kwargs)  # type: ignore[attr-defined]
/opt/cotainr/conda/envs/conda_container_env/lib/python3.12/site-packages/torch/functional.py:534: UserWarning: torch.meshgrid: in an upcoming release, it will be required to pass the indexing argument. (Triggered internally at ../aten/src/ATen/native/TensorShape.cpp:3595.)
  return _VF.meshgrid(tensors, **kwargs)  # type: ignore[attr-defined]
/opt/cotainr/conda/envs/conda_container_env/lib/python3.12/site-packages/torch/functional.py:534: UserWarning: torch.meshgrid: in an upcoming release, it will be required to pass the indexing argument. (Triggered internally at ../aten/src/ATen/native/TensorShape.cpp:3595.)
  return _VF.meshgrid(tensors, **kwargs)  # type: ignore[attr-defined]
/opt/cotainr/conda/envs/conda_container_env/lib/python3.12/site-packages/torch/functional.py:534: UserWarning: torch.meshgrid: in an upcoming release, it will be required to pass the indexing argument. (Triggered internally at ../aten/src/ATen/native/TensorShape.cpp:3595.)
  return _VF.meshgrid(tensors, **kwargs)  # type: ignore[attr-defined]
/opt/cotainr/conda/envs/conda_container_env/lib/python3.12/site-packages/torch/functional.py:534: UserWarning: torch.meshgrid: in an upcoming release, it will be required to pass the indexing argument. (Triggered internally at ../aten/src/ATen/native/TensorShape.cpp:3595.)
  return _VF.meshgrid(tensors, **kwargs)  # type: ignore[attr-defined]
/opt/cotainr/conda/envs/conda_container_env/lib/python3.12/site-packages/torch/functional.py:534: UserWarning: torch.meshgrid: in an upcoming release, it will be required to pass the indexing argument. (Triggered internally at ../aten/src/ATen/native/TensorShape.cpp:3595.)
  return _VF.meshgrid(tensors, **kwargs)  # type: ignore[attr-defined]
/opt/cotainr/conda/envs/conda_container_env/lib/python3.12/site-packages/torch/functional.py:534: UserWarning: torch.meshgrid: in an upcoming release, it will be required to pass the indexing argument. (Triggered internally at ../aten/src/ATen/native/TensorShape.cpp:3595.)
  return _VF.meshgrid(tensors, **kwargs)  # type: ignore[attr-defined]
/opt/cotainr/conda/envs/conda_container_env/lib/python3.12/site-packages/torch/functional.py:534: UserWarning: torch.meshgrid: in an upcoming release, it will be required to pass the indexing argument. (Triggered internally at ../aten/src/ATen/native/TensorShape.cpp:3595.)
  return _VF.meshgrid(tensors, **kwargs)  # type: ignore[attr-defined]
/opt/cotainr/conda/envs/conda_container_env/lib/python3.12/site-packages/torch/functional.py:534: UserWarning: torch.meshgrid: in an upcoming release, it will be required to pass the indexing argument. (Triggered internally at ../aten/src/ATen/native/TensorShape.cpp:3595.)
  return _VF.meshgrid(tensors, **kwargs)  # type: ignore[attr-defined]
/opt/cotainr/conda/envs/conda_container_env/lib/python3.12/site-packages/torch/functional.py:534: UserWarning: torch.meshgrid: in an upcoming release, it will be required to pass the indexing argument. (Triggered internally at ../aten/src/ATen/native/TensorShape.cpp:3595.)
  return _VF.meshgrid(tensors, **kwargs)  # type: ignore[attr-defined]
/users/mazhanyu/Projects/Marigold/script/depth/train_sr_fm_refiner.py:1008: FutureWarning: You are using `torch.load` with `weights_only=False` (the current default value), which uses the default pickle module implicitly. It is possible to construct malicious pickle data which will execute arbitrary code during unpickling (See https://github.com/pytorch/pytorch/blob/main/SECURITY.md#untrusted-models for more details). In a future release, the default value for `weights_only` will be flipped to `True`. This limits the functions that could be executed during unpickling. Arbitrary objects will no longer be allowed to be loaded via this mode unless they are explicitly allowlisted by the user via `torch.serialization.add_safe_globals`. We recommend you start setting `weights_only=True` for any use case where you don't have full control of the loaded file. Please open an issue on GitHub for any issues related to this experimental feature.
  ckpt_sr = torch.load(sr_pretrained_path, map_location="cpu")
/opt/cotainr/conda/envs/conda_container_env/lib/python3.12/site-packages/torch/functional.py:534: UserWarning: torch.meshgrid: in an upcoming release, it will be required to pass the indexing argument. (Triggered internally at ../aten/src/ATen/native/TensorShape.cpp:3595.)
  return _VF.meshgrid(tensors, **kwargs)  # type: ignore[attr-defined]
/opt/cotainr/conda/envs/conda_container_env/lib/python3.12/site-packages/torch/functional.py:534: UserWarning: torch.meshgrid: in an upcoming release, it will be required to pass the indexing argument. (Triggered internally at ../aten/src/ATen/native/TensorShape.cpp:3595.)
  return _VF.meshgrid(tensors, **kwargs)  # type: ignore[attr-defined]
/opt/cotainr/conda/envs/conda_container_env/lib/python3.12/site-packages/torch/functional.py:534: UserWarning: torch.meshgrid: in an upcoming release, it will be required to pass the indexing argument. (Triggered internally at ../aten/src/ATen/native/TensorShape.cpp:3595.)
  return _VF.meshgrid(tensors, **kwargs)  # type: ignore[attr-defined]
/opt/cotainr/conda/envs/conda_container_env/lib/python3.12/site-packages/torch/functional.py:534: UserWarning: torch.meshgrid: in an upcoming release, it will be required to pass the indexing argument. (Triggered internally at ../aten/src/ATen/native/TensorShape.cpp:3595.)
  return _VF.meshgrid(tensors, **kwargs)  # type: ignore[attr-defined]
/opt/cotainr/conda/envs/conda_container_env/lib/python3.12/site-packages/torch/functional.py:534: UserWarning: torch.meshgrid: in an upcoming release, it will be required to pass the indexing argument. (Triggered internally at ../aten/src/ATen/native/TensorShape.cpp:3595.)
  return _VF.meshgrid(tensors, **kwargs)  # type: ignore[attr-defined]
/opt/cotainr/conda/envs/conda_container_env/lib/python3.12/site-packages/torch/functional.py:534: UserWarning: torch.meshgrid: in an upcoming release, it will be required to pass the indexing argument. (Triggered internally at ../aten/src/ATen/native/TensorShape.cpp:3595.)
  return _VF.meshgrid(tensors, **kwargs)  # type: ignore[attr-defined]
/opt/cotainr/conda/envs/conda_container_env/lib/python3.12/site-packages/torch/functional.py:534: UserWarning: torch.meshgrid: in an upcoming release, it will be required to pass the indexing argument. (Triggered internally at ../aten/src/ATen/native/TensorShape.cpp:3595.)
  return _VF.meshgrid(tensors, **kwargs)  # type: ignore[attr-defined]
/opt/cotainr/conda/envs/conda_container_env/lib/python3.12/site-packages/torch/functional.py:534: UserWarning: torch.meshgrid: in an upcoming release, it will be required to pass the indexing argument. (Triggered internally at ../aten/src/ATen/native/TensorShape.cpp:3595.)
  return _VF.meshgrid(tensors, **kwargs)  # type: ignore[attr-defined]
/opt/cotainr/conda/envs/conda_container_env/lib/python3.12/site-packages/torch/functional.py:534: UserWarning: torch.meshgrid: in an upcoming release, it will be required to pass the indexing argument. (Triggered internally at ../aten/src/ATen/native/TensorShape.cpp:3595.)
  return _VF.meshgrid(tensors, **kwargs)  # type: ignore[attr-defined]
/opt/cotainr/conda/envs/conda_container_env/lib/python3.12/site-packages/torch/functional.py:534: UserWarning: torch.meshgrid: in an upcoming release, it will be required to pass the indexing argument. (Triggered internally at ../aten/src/ATen/native/TensorShape.cpp:3595.)
  return _VF.meshgrid(tensors, **kwargs)  # type: ignore[attr-defined]
/opt/cotainr/conda/envs/conda_container_env/lib/python3.12/site-packages/torch/functional.py:534: UserWarning: torch.meshgrid: in an upcoming release, it will be required to pass the indexing argument. (Triggered internally at ../aten/src/ATen/native/TensorShape.cpp:3595.)
  return _VF.meshgrid(tensors, **kwargs)  # type: ignore[attr-defined]
/opt/cotainr/conda/envs/conda_container_env/lib/python3.12/site-packages/torch/functional.py:534: UserWarning: torch.meshgrid: in an upcoming release, it will be required to pass the indexing argument. (Triggered internally at ../aten/src/ATen/native/TensorShape.cpp:3595.)
  return _VF.meshgrid(tensors, **kwargs)  # type: ignore[attr-defined]
/opt/cotainr/conda/envs/conda_container_env/lib/python3.12/site-packages/torch/functional.py:534: UserWarning: torch.meshgrid: in an upcoming release, it will be required to pass the indexing argument. (Triggered internally at ../aten/src/ATen/native/TensorShape.cpp:3595.)
  return _VF.meshgrid(tensors, **kwargs)  # type: ignore[attr-defined]
/opt/cotainr/conda/envs/conda_container_env/lib/python3.12/site-packages/torch/functional.py:534: UserWarning: torch.meshgrid: in an upcoming release, it will be required to pass the indexing argument. (Triggered internally at ../aten/src/ATen/native/TensorShape.cpp:3595.)
  return _VF.meshgrid(tensors, **kwargs)  # type: ignore[attr-defined]
/opt/cotainr/conda/envs/conda_container_env/lib/python3.12/site-packages/torch/functional.py:534: UserWarning: torch.meshgrid: in an upcoming release, it will be required to pass the indexing argument. (Triggered internally at ../aten/src/ATen/native/TensorShape.cpp:3595.)
  return _VF.meshgrid(tensors, **kwargs)  # type: ignore[attr-defined]
/opt/cotainr/conda/envs/conda_container_env/lib/python3.12/site-packages/torch/functional.py:534: UserWarning: torch.meshgrid: in an upcoming release, it will be required to pass the indexing argument. (Triggered internally at ../aten/src/ATen/native/TensorShape.cpp:3595.)
  return _VF.meshgrid(tensors, **kwargs)  # type: ignore[attr-defined]
/opt/cotainr/conda/envs/conda_container_env/lib/python3.12/site-packages/torch/functional.py:534: UserWarning: torch.meshgrid: in an upcoming release, it will be required to pass the indexing argument. (Triggered internally at ../aten/src/ATen/native/TensorShape.cpp:3595.)
  return _VF.meshgrid(tensors, **kwargs)  # type: ignore[attr-defined]
/opt/cotainr/conda/envs/conda_container_env/lib/python3.12/site-packages/torch/functional.py:534: UserWarning: torch.meshgrid: in an upcoming release, it will be required to pass the indexing argument. (Triggered internally at ../aten/src/ATen/native/TensorShape.cpp:3595.)
  return _VF.meshgrid(tensors, **kwargs)  # type: ignore[attr-defined]
/opt/cotainr/conda/envs/conda_container_env/lib/python3.12/site-packages/torch/functional.py:534: UserWarning: torch.meshgrid: in an upcoming release, it will be required to pass the indexing argument. (Triggered internally at ../aten/src/ATen/native/TensorShape.cpp:3595.)
  return _VF.meshgrid(tensors, **kwargs)  # type: ignore[attr-defined]
/opt/cotainr/conda/envs/conda_container_env/lib/python3.12/site-packages/torch/functional.py:534: UserWarning: torch.meshgrid: in an upcoming release, it will be required to pass the indexing argument. (Triggered internally at ../aten/src/ATen/native/TensorShape.cpp:3595.)
  return _VF.meshgrid(tensors, **kwargs)  # type: ignore[attr-defined]
/opt/cotainr/conda/envs/conda_container_env/lib/python3.12/site-packages/torch/functional.py:534: UserWarning: torch.meshgrid: in an upcoming release, it will be required to pass the indexing argument. (Triggered internally at ../aten/src/ATen/native/TensorShape.cpp:3595.)
  return _VF.meshgrid(tensors, **kwargs)  # type: ignore[attr-defined]
/opt/cotainr/conda/envs/conda_container_env/lib/python3.12/site-packages/torch/functional.py:534: UserWarning: torch.meshgrid: in an upcoming release, it will be required to pass the indexing argument. (Triggered internally at ../aten/src/ATen/native/TensorShape.cpp:3595.)
  return _VF.meshgrid(tensors, **kwargs)  # type: ignore[attr-defined]
/opt/cotainr/conda/envs/conda_container_env/lib/python3.12/site-packages/torch/functional.py:534: UserWarning: torch.meshgrid: in an upcoming release, it will be required to pass the indexing argument. (Triggered internally at ../aten/src/ATen/native/TensorShape.cpp:3595.)
  return _VF.meshgrid(tensors, **kwargs)  # type: ignore[attr-defined]
/opt/cotainr/conda/envs/conda_container_env/lib/python3.12/site-packages/torch/functional.py:534: UserWarning: torch.meshgrid: in an upcoming release, it will be required to pass the indexing argument. (Triggered internally at ../aten/src/ATen/native/TensorShape.cpp:3595.)
  return _VF.meshgrid(tensors, **kwargs)  # type: ignore[attr-defined]
Training:   0%|          | 0/3125 [00:00<?, ?it/s]Training:   0%|          | 1/3125 [00:24<21:40:04, 24.97s/it]Training:   0%|          | 1/3125 [00:24<21:40:04, 24.97s/it, r2=-100000000.0000]wandb: WARNING Step cannot be set when using tensorboard syncing. Please use `run.define_metric(...)` to define a custom metric to log your step values.
Training:   0%|          | 2/3125 [00:27<10:10:09, 11.72s/it, r2=-100000000.0000]Training:   0%|          | 2/3125 [00:27<10:10:09, 11.72s/it, r2=-100000000.0000]Training:   0%|          | 3/3125 [00:29<6:20:17,  7.31s/it, r2=-100000000.0000] Training:   0%|          | 3/3125 [00:29<6:20:17,  7.31s/it, r2=-100000000.0000]Training:   0%|          | 4/3125 [00:31<4:41:00,  5.40s/it, r2=-100000000.0000]Training:   0%|          | 4/3125 [00:31<4:41:00,  5.40s/it, r2=-100000000.0000]Training:   0%|          | 5/3125 [00:34<3:56:22,  4.55s/it, r2=-100000000.0000]Training:   0%|          | 5/3125 [00:34<3:56:22,  4.55s/it, r2=-100000000.0000]Training:   0%|          | 6/3125 [00:38<3:31:29,  4.07s/it, r2=-100000000.0000]Training:   0%|          | 6/3125 [00:38<3:31:29,  4.07s/it, r2=-100000000.0000]Training:   0%|          | 7/3125 [00:40<2:58:10,  3.43s/it, r2=-100000000.0000]Training:   0%|          | 7/3125 [00:40<2:58:10,  3.43s/it, r2=-100000000.0000]Training:   0%|          | 8/3125 [00:43<2:50:40,  3.29s/it, r2=-100000000.0000]Training:   0%|          | 8/3125 [00:43<2:50:40,  3.29s/it, r2=-100000000.0000]Training:   0%|          | 9/3125 [00:45<2:41:16,  3.11s/it, r2=-100000000.0000]Training:   0%|          | 9/3125 [00:45<2:41:16,  3.11s/it, r2=-100000000.0000]Training:   0%|          | 10/3125 [00:48<2:34:35,  2.98s/it, r2=-100000000.0000]Training:   0%|          | 10/3125 [00:48<2:34:35,  2.98s/it, r2=-100000000.0000]Training:   0%|          | 11/3125 [00:51<2:26:12,  2.82s/it, r2=-100000000.0000]Training:   0%|          | 11/3125 [00:51<2:26:12,  2.82s/it, r2=-100000000.0000]Training:   0%|          | 12/3125 [00:53<2:25:30,  2.80s/it, r2=-100000000.0000]Training:   0%|          | 12/3125 [00:53<2:25:30,  2.80s/it, r2=-100000000.0000]Training:   0%|          | 13/3125 [00:57<2:41:26,  3.11s/it, r2=-100000000.0000]Training:   0%|          | 13/3125 [00:57<2:41:26,  3.11s/it, r2=-100000000.0000]Training:   0%|          | 14/3125 [01:00<2:32:23,  2.94s/it, r2=-100000000.0000]Training:   0%|          | 14/3125 [01:00<2:32:23,  2.94s/it, r2=-100000000.0000]Training:   0%|          | 15/3125 [01:03<2:34:32,  2.98s/it, r2=-100000000.0000]Training:   0%|          | 15/3125 [01:03<2:34:32,  2.98s/it, r2=-100000000.0000]Training:   1%|          | 16/3125 [01:06<2:39:16,  3.07s/it, r2=-100000000.0000]Training:   1%|          | 16/3125 [01:06<2:39:16,  3.07s/it, r2=-100000000.0000]Training:   1%|          | 17/3125 [01:09<2:36:47,  3.03s/it, r2=-100000000.0000]Training:   1%|          | 17/3125 [01:09<2:36:47,  3.03s/it, r2=-100000000.0000]Training:   1%|          | 18/3125 [01:12<2:32:21,  2.94s/it, r2=-100000000.0000]Training:   1%|          | 18/3125 [01:12<2:32:21,  2.94s/it, r2=-100000000.0000]Training:   1%|          | 19/3125 [01:14<2:29:26,  2.89s/it, r2=-100000000.0000]Training:   1%|          | 19/3125 [01:14<2:29:26,  2.89s/it, r2=-100000000.0000]Training:   1%|          | 20/3125 [01:17<2:25:21,  2.81s/it, r2=-100000000.0000]Training:   1%|          | 20/3125 [01:17<2:25:21,  2.81s/it, r2=-100000000.0000]Training:   1%|          | 21/3125 [01:20<2:24:36,  2.80s/it, r2=-100000000.0000]Training:   1%|          | 21/3125 [01:20<2:24:36,  2.80s/it, r2=-100000000.0000]Training:   1%|          | 22/3125 [01:23<2:34:44,  2.99s/it, r2=-100000000.0000]Training:   1%|          | 22/3125 [01:23<2:34:44,  2.99s/it, r2=-100000000.0000]Training:   1%|          | 23/3125 [01:27<2:44:51,  3.19s/it, r2=-100000000.0000]Training:   1%|          | 23/3125 [01:27<2:44:51,  3.19s/it, r2=-100000000.0000]Training:   1%|          | 24/3125 [01:29<2:32:54,  2.96s/it, r2=-100000000.0000]Training:   1%|          | 24/3125 [01:29<2:32:54,  2.96s/it, r2=-100000000.0000]Training:   1%|          | 25/3125 [01:33<2:37:54,  3.06s/it, r2=-100000000.0000]Training:   1%|          | 25/3125 [01:33<2:37:54,  3.06s/it, r2=-100000000.0000]Training:   1%|          | 26/3125 [01:37<2:52:48,  3.35s/it, r2=-100000000.0000]Training:   1%|          | 26/3125 [01:37<2:52:48,  3.35s/it, r2=-100000000.0000]Training:   1%|          | 27/3125 [01:41<3:04:34,  3.57s/it, r2=-100000000.0000]Training:   1%|          | 27/3125 [01:41<3:04:34,  3.57s/it, r2=-100000000.0000]Training:   1%|          | 28/3125 [01:44<2:53:06,  3.35s/it, r2=-100000000.0000]Training:   1%|          | 28/3125 [01:44<2:53:06,  3.35s/it, r2=-100000000.0000]Training:   1%|          | 29/3125 [01:48<3:04:42,  3.58s/it, r2=-100000000.0000]Training:   1%|          | 29/3125 [01:48<3:04:42,  3.58s/it, r2=-100000000.0000]Training:   1%|          | 30/3125 [01:51<3:01:07,  3.51s/it, r2=-100000000.0000]Training:   1%|          | 30/3125 [01:51<3:01:07,  3.51s/it, r2=-100000000.0000]Training:   1%|          | 31/3125 [01:55<3:06:19,  3.61s/it, r2=-100000000.0000]Training:   1%|          | 31/3125 [01:55<3:06:19,  3.61s/it, r2=-100000000.0000]Training:   1%|          | 32/3125 [01:59<3:06:33,  3.62s/it, r2=-100000000.0000]Training:   1%|          | 32/3125 [01:59<3:06:33,  3.62s/it, r2=-100000000.0000]Training:   1%|          | 33/3125 [02:02<2:58:26,  3.46s/it, r2=-100000000.0000]Training:   1%|          | 33/3125 [02:02<2:58:26,  3.46s/it, r2=-100000000.0000]Training:   1%|          | 34/3125 [02:06<3:04:01,  3.57s/it, r2=-100000000.0000]Training:   1%|          | 34/3125 [02:06<3:04:01,  3.57s/it, r2=-100000000.0000]Training:   1%|          | 35/3125 [02:09<2:54:46,  3.39s/it, r2=-100000000.0000]Training:   1%|          | 35/3125 [02:09<2:54:46,  3.39s/it, r2=-100000000.0000]Training:   1%|          | 36/3125 [02:11<2:40:28,  3.12s/it, r2=-100000000.0000]Training:   1%|          | 36/3125 [02:11<2:40:28,  3.12s/it, r2=-100000000.0000]Training:   1%|          | 37/3125 [02:14<2:41:24,  3.14s/it, r2=-100000000.0000]Training:   1%|          | 37/3125 [02:14<2:41:24,  3.14s/it, r2=-100000000.0000]Training:   1%|          | 38/3125 [02:17<2:42:01,  3.15s/it, r2=-100000000.0000]Training:   1%|          | 38/3125 [02:17<2:42:01,  3.15s/it, r2=-100000000.0000]Training:   1%|          | 39/3125 [02:21<2:45:57,  3.23s/it, r2=-100000000.0000]Training:   1%|          | 39/3125 [02:21<2:45:57,  3.23s/it, r2=-100000000.0000]Training:   1%|▏         | 40/3125 [02:23<2:27:34,  2.87s/it, r2=-100000000.0000]Training:   1%|▏         | 40/3125 [02:23<2:27:34,  2.87s/it, r2=-100000000.0000]Training:   1%|▏         | 41/3125 [02:25<2:17:49,  2.68s/it, r2=-100000000.0000]Training:   1%|▏         | 41/3125 [02:25<2:17:49,  2.68s/it, r2=-100000000.0000]Training:   1%|▏         | 42/3125 [02:29<2:32:46,  2.97s/it, r2=-100000000.0000]Training:   1%|▏         | 42/3125 [02:29<2:32:46,  2.97s/it, r2=-100000000.0000]Training:   1%|▏         | 43/3125 [02:32<2:42:53,  3.17s/it, r2=-100000000.0000]Training:   1%|▏         | 43/3125 [02:32<2:42:53,  3.17s/it, r2=-100000000.0000]Training:   1%|▏         | 44/3125 [02:35<2:39:23,  3.10s/it, r2=-100000000.0000]Training:   1%|▏         | 44/3125 [02:35<2:39:23,  3.10s/it, r2=-100000000.0000]Training:   1%|▏         | 45/3125 [02:38<2:32:46,  2.98s/it, r2=-100000000.0000]Training:   1%|▏         | 45/3125 [02:38<2:32:46,  2.98s/it, r2=-100000000.0000]Training:   1%|▏         | 46/3125 [02:42<2:50:42,  3.33s/it, r2=-100000000.0000]Training:   1%|▏         | 46/3125 [02:42<2:50:42,  3.33s/it, r2=-100000000.0000]Training:   2%|▏         | 47/3125 [02:45<2:40:10,  3.12s/it, r2=-100000000.0000]Training:   2%|▏         | 47/3125 [02:45<2:40:10,  3.12s/it, r2=-100000000.0000]Training:   2%|▏         | 48/3125 [02:48<2:50:11,  3.32s/it, r2=-100000000.0000]Training:   2%|▏         | 48/3125 [02:48<2:50:11,  3.32s/it, r2=-100000000.0000]Training:   2%|▏         | 49/3125 [02:52<2:46:04,  3.24s/it, r2=-100000000.0000]Training:   2%|▏         | 49/3125 [02:52<2:46:04,  3.24s/it, r2=-100000000.0000]Training:   2%|▏         | 50/3125 [02:55<2:44:37,  3.21s/it, r2=-100000000.0000]Training:   2%|▏         | 50/3125 [02:55<2:44:37,  3.21s/it, r2=-100000000.0000]Training:   2%|▏         | 51/3125 [02:57<2:29:45,  2.92s/it, r2=-100000000.0000]Training:   2%|▏         | 51/3125 [02:57<2:29:45,  2.92s/it, r2=-100000000.0000]Training:   2%|▏         | 52/3125 [03:00<2:25:58,  2.85s/it, r2=-100000000.0000]Training:   2%|▏         | 52/3125 [03:00<2:25:58,  2.85s/it, r2=-100000000.0000]Training:   2%|▏         | 53/3125 [03:03<2:38:20,  3.09s/it, r2=-100000000.0000]Training:   2%|▏         | 53/3125 [03:03<2:38:20,  3.09s/it, r2=-100000000.0000]Training:   2%|▏         | 54/3125 [03:07<2:53:26,  3.39s/it, r2=-100000000.0000]Training:   2%|▏         | 54/3125 [03:07<2:53:26,  3.39s/it, r2=-100000000.0000]Training:   2%|▏         | 55/3125 [03:11<2:55:54,  3.44s/it, r2=-100000000.0000]Training:   2%|▏         | 55/3125 [03:11<2:55:54,  3.44s/it, r2=-100000000.0000]Training:   2%|▏         | 56/3125 [03:14<2:54:28,  3.41s/it, r2=-100000000.0000]Training:   2%|▏         | 56/3125 [03:14<2:54:28,  3.41s/it, r2=-100000000.0000]Training:   2%|▏         | 57/3125 [03:17<2:45:05,  3.23s/it, r2=-100000000.0000]Training:   2%|▏         | 57/3125 [03:17<2:45:05,  3.23s/it, r2=-100000000.0000]Training:   2%|▏         | 58/3125 [03:21<2:53:28,  3.39s/it, r2=-100000000.0000]Training:   2%|▏         | 58/3125 [03:21<2:53:28,  3.39s/it, r2=-100000000.0000]Training:   2%|▏         | 59/3125 [03:24<2:50:28,  3.34s/it, r2=-100000000.0000]Training:   2%|▏         | 59/3125 [03:24<2:50:28,  3.34s/it, r2=-100000000.0000]Training:   2%|▏         | 60/3125 [03:28<2:54:52,  3.42s/it, r2=-100000000.0000]Training:   2%|▏         | 60/3125 [03:28<2:54:52,  3.42s/it, r2=-100000000.0000]Training:   2%|▏         | 61/3125 [03:30<2:45:16,  3.24s/it, r2=-100000000.0000]Training:   2%|▏         | 61/3125 [03:30<2:45:16,  3.24s/it, r2=-100000000.0000]Training:   2%|▏         | 62/3125 [03:33<2:31:54,  2.98s/it, r2=-100000000.0000]Training:   2%|▏         | 62/3125 [03:33<2:31:54,  2.98s/it, r2=-100000000.0000]
Validation:   0%|          | 0/12 [00:00<?, ?it/s][A
Validation:   8%|▊         | 1/12 [00:01<00:13,  1.19s/it][A
Validation:  17%|█▋        | 2/12 [00:01<00:08,  1.18it/s][A
Validation:  25%|██▌       | 3/12 [00:02<00:07,  1.24it/s][A
Validation:  33%|███▎      | 4/12 [00:04<00:09,  1.14s/it][A
Validation:  42%|████▏     | 5/12 [00:05<00:07,  1.10s/it][A
Validation:  50%|█████     | 6/12 [00:06<00:06,  1.11s/it][A
Validation:  58%|█████▊    | 7/12 [00:07<00:05,  1.09s/it][A
Validation:  67%|██████▋   | 8/12 [00:08<00:04,  1.08s/it][A
Validation:  75%|███████▌  | 9/12 [00:09<00:02,  1.08it/s][A
Validation:  83%|████████▎ | 10/12 [00:09<00:01,  1.12it/s][A
Validation:  92%|█████████▏| 11/12 [00:10<00:00,  1.09it/s][A
Validation: 100%|██████████| 12/12 [00:11<00:00,  1.20it/s][A
                                                           [ATraining:   2%|▏         | 62/3125 [03:53<2:31:54,  2.98s/it, r2=0.8178]         Training:   2%|▏         | 63/3125 [04:35<17:43:55, 20.85s/it, r2=0.8178]Training:   2%|▏         | 63/3125 [04:35<17:43:55, 20.85s/it, r2=0.8178]Training:   2%|▏         | 64/3125 [04:38<13:05:00, 15.39s/it, r2=0.8178]Training:   2%|▏         | 64/3125 [04:38<13:05:00, 15.39s/it, r2=0.8178]Training:   2%|▏         | 65/3125 [04:41<9:59:57, 11.76s/it, r2=0.8178] Training:   2%|▏         | 65/3125 [04:41<9:59:57, 11.76s/it, r2=0.8178]Training:   2%|▏         | 66/3125 [04:44<7:45:52,  9.14s/it, r2=0.8178]Training:   2%|▏         | 66/3125 [04:44<7:45:52,  9.14s/it, r2=0.8178]Training:   2%|▏         | 67/3125 [04:47<6:13:22,  7.33s/it, r2=0.8178]Training:   2%|▏         | 67/3125 [04:47<6:13:22,  7.33s/it, r2=0.8178]Training:   2%|▏         | 68/3125 [04:50<4:53:42,  5.76s/it, r2=0.8178]Training:   2%|▏         | 68/3125 [04:50<4:53:42,  5.76s/it, r2=0.8178]Training:   2%|▏         | 69/3125 [04:53<4:18:52,  5.08s/it, r2=0.8178]Training:   2%|▏         | 69/3125 [04:53<4:18:52,  5.08s/it, r2=0.8178]Training:   2%|▏         | 70/3125 [04:58<4:11:01,  4.93s/it, r2=0.8178]Training:   2%|▏         | 70/3125 [04:58<4:11:01,  4.93s/it, r2=0.8178]Training:   2%|▏         | 71/3125 [05:00<3:31:11,  4.15s/it, r2=0.8178]Training:   2%|▏         | 71/3125 [05:00<3:31:11,  4.15s/it, r2=0.8178]Training:   2%|▏         | 72/3125 [05:03<3:21:24,  3.96s/it, r2=0.8178]Training:   2%|▏         | 72/3125 [05:03<3:21:24,  3.96s/it, r2=0.8178]Training:   2%|▏         | 73/3125 [05:06<3:05:20,  3.64s/it, r2=0.8178]Training:   2%|▏         | 73/3125 [05:06<3:05:20,  3.64s/it, r2=0.8178]Training:   2%|▏         | 74/3125 [05:09<2:56:25,  3.47s/it, r2=0.8178]Training:   2%|▏         | 74/3125 [05:09<2:56:25,  3.47s/it, r2=0.8178]Training:   2%|▏         | 75/3125 [05:12<2:37:05,  3.09s/it, r2=0.8178]Training:   2%|▏         | 75/3125 [05:12<2:37:05,  3.09s/it, r2=0.8178]Training:   2%|▏         | 76/3125 [05:15<2:47:44,  3.30s/it, r2=0.8178]Training:   2%|▏         | 76/3125 [05:15<2:47:44,  3.30s/it, r2=0.8178]Training:   2%|▏         | 77/3125 [05:18<2:32:33,  3.00s/it, r2=0.8178]Training:   2%|▏         | 77/3125 [05:18<2:32:33,  3.00s/it, r2=0.8178]Training:   2%|▏         | 78/3125 [05:20<2:21:26,  2.79s/it, r2=0.8178]Training:   2%|▏         | 78/3125 [05:20<2:21:26,  2.79s/it, r2=0.8178]Training:   3%|▎         | 79/3125 [05:23<2:23:32,  2.83s/it, r2=0.8178]Training:   3%|▎         | 79/3125 [05:23<2:23:32,  2.83s/it, r2=0.8178]Training:   3%|▎         | 80/3125 [05:25<2:09:33,  2.55s/it, r2=0.8178]Training:   3%|▎         | 80/3125 [05:25<2:09:33,  2.55s/it, r2=0.8178]Training:   3%|▎         | 81/3125 [05:28<2:20:33,  2.77s/it, r2=0.8178]Training:   3%|▎         | 81/3125 [05:28<2:20:33,  2.77s/it, r2=0.8178]Training:   3%|▎         | 82/3125 [05:31<2:20:15,  2.77s/it, r2=0.8178]Training:   3%|▎         | 82/3125 [05:31<2:20:15,  2.77s/it, r2=0.8178]Training:   3%|▎         | 83/3125 [05:33<2:11:48,  2.60s/it, r2=0.8178]Training:   3%|▎         | 83/3125 [05:33<2:11:48,  2.60s/it, r2=0.8178]Training:   3%|▎         | 84/3125 [05:36<2:20:42,  2.78s/it, r2=0.8178]Training:   3%|▎         | 84/3125 [05:36<2:20:42,  2.78s/it, r2=0.8178]Training:   3%|▎         | 85/3125 [05:39<2:21:29,  2.79s/it, r2=0.8178]Training:   3%|▎         | 85/3125 [05:39<2:21:29,  2.79s/it, r2=0.8178]Training:   3%|▎         | 86/3125 [05:43<2:36:49,  3.10s/it, r2=0.8178]Training:   3%|▎         | 86/3125 [05:43<2:36:49,  3.10s/it, r2=0.8178]Training:   3%|▎         | 87/3125 [05:46<2:31:58,  3.00s/it, r2=0.8178]Training:   3%|▎         | 87/3125 [05:46<2:31:58,  3.00s/it, r2=0.8178]Training:   3%|▎         | 88/3125 [05:49<2:40:34,  3.17s/it, r2=0.8178]Training:   3%|▎         | 88/3125 [05:49<2:40:34,  3.17s/it, r2=0.8178]Training:   3%|▎         | 89/3125 [05:52<2:35:48,  3.08s/it, r2=0.8178]Training:   3%|▎         | 89/3125 [05:52<2:35:48,  3.08s/it, r2=0.8178]Training:   3%|▎         | 90/3125 [05:55<2:29:11,  2.95s/it, r2=0.8178]Training:   3%|▎         | 90/3125 [05:55<2:29:11,  2.95s/it, r2=0.8178]Training:   3%|▎         | 91/3125 [05:59<2:40:37,  3.18s/it, r2=0.8178]Training:   3%|▎         | 91/3125 [05:59<2:40:37,  3.18s/it, r2=0.8178]Training:   3%|▎         | 92/3125 [06:01<2:25:16,  2.87s/it, r2=0.8178]Training:   3%|▎         | 92/3125 [06:01<2:25:16,  2.87s/it, r2=0.8178]Training:   3%|▎         | 93/3125 [06:04<2:39:27,  3.16s/it, r2=0.8178]Training:   3%|▎         | 93/3125 [06:04<2:39:27,  3.16s/it, r2=0.8178]Training:   3%|▎         | 94/3125 [06:08<2:51:42,  3.40s/it, r2=0.8178]Training:   3%|▎         | 94/3125 [06:08<2:51:42,  3.40s/it, r2=0.8178]Training:   3%|▎         | 95/3125 [06:11<2:40:13,  3.17s/it, r2=0.8178]Training:   3%|▎         | 95/3125 [06:11<2:40:13,  3.17s/it, r2=0.8178]Training:   3%|▎         | 96/3125 [06:13<2:25:42,  2.89s/it, r2=0.8178]Training:   3%|▎         | 96/3125 [06:13<2:25:42,  2.89s/it, r2=0.8178]Training:   3%|▎         | 97/3125 [06:16<2:20:28,  2.78s/it, r2=0.8178]Training:   3%|▎         | 97/3125 [06:16<2:20:28,  2.78s/it, r2=0.8178]Training:   3%|▎         | 98/3125 [06:19<2:29:37,  2.97s/it, r2=0.8178]Training:   3%|▎         | 98/3125 [06:19<2:29:37,  2.97s/it, r2=0.8178]Training:   3%|▎         | 99/3125 [06:23<2:37:34,  3.12s/it, r2=0.8178]Training:   3%|▎         | 99/3125 [06:23<2:37:34,  3.12s/it, r2=0.8178]Training:   3%|▎         | 100/3125 [06:25<2:28:21,  2.94s/it, r2=0.8178]Training:   3%|▎         | 100/3125 [06:25<2:28:21,  2.94s/it, r2=0.8178]Training:   3%|▎         | 101/3125 [06:28<2:31:42,  3.01s/it, r2=0.8178]Training:   3%|▎         | 101/3125 [06:28<2:31:42,  3.01s/it, r2=0.8178]Training:   3%|▎         | 102/3125 [06:32<2:33:31,  3.05s/it, r2=0.8178]Training:   3%|▎         | 102/3125 [06:32<2:33:31,  3.05s/it, r2=0.8178]Training:   3%|▎         | 103/3125 [06:34<2:20:48,  2.80s/it, r2=0.8178]Training:   3%|▎         | 103/3125 [06:34<2:20:48,  2.80s/it, r2=0.8178]Training:   3%|▎         | 104/3125 [06:36<2:15:16,  2.69s/it, r2=0.8178]Training:   3%|▎         | 104/3125 [06:36<2:15:16,  2.69s/it, r2=0.8178]Training:   3%|▎         | 105/3125 [06:39<2:14:33,  2.67s/it, r2=0.8178]Training:   3%|▎         | 105/3125 [06:39<2:14:33,  2.67s/it, r2=0.8178]Training:   3%|▎         | 106/3125 [06:43<2:29:29,  2.97s/it, r2=0.8178]Training:   3%|▎         | 106/3125 [06:43<2:29:29,  2.97s/it, r2=0.8178]Training:   3%|▎         | 107/3125 [06:46<2:32:54,  3.04s/it, r2=0.8178]Training:   3%|▎         | 107/3125 [06:46<2:32:54,  3.04s/it, r2=0.8178]Training:   3%|▎         | 108/3125 [06:48<2:20:08,  2.79s/it, r2=0.8178]Training:   3%|▎         | 108/3125 [06:48<2:20:08,  2.79s/it, r2=0.8178]Training:   3%|▎         | 109/3125 [06:52<2:35:08,  3.09s/it, r2=0.8178]Training:   3%|▎         | 109/3125 [06:52<2:35:08,  3.09s/it, r2=0.8178]Training:   4%|▎         | 110/3125 [06:54<2:21:32,  2.82s/it, r2=0.8178]Training:   4%|▎         | 110/3125 [06:54<2:21:32,  2.82s/it, r2=0.8178]Training:   4%|▎         | 111/3125 [06:57<2:28:22,  2.95s/it, r2=0.8178]Training:   4%|▎         | 111/3125 [06:57<2:28:22,  2.95s/it, r2=0.8178]Training:   4%|▎         | 112/3125 [07:01<2:40:10,  3.19s/it, r2=0.8178]Training:   4%|▎         | 112/3125 [07:01<2:40:10,  3.19s/it, r2=0.8178]Training:   4%|▎         | 113/3125 [07:03<2:27:07,  2.93s/it, r2=0.8178]Training:   4%|▎         | 113/3125 [07:03<2:27:07,  2.93s/it, r2=0.8178]Training:   4%|▎         | 114/3125 [07:06<2:18:56,  2.77s/it, r2=0.8178]Training:   4%|▎         | 114/3125 [07:06<2:18:56,  2.77s/it, r2=0.8178]Training:   4%|▎         | 115/3125 [07:08<2:16:18,  2.72s/it, r2=0.8178]Training:   4%|▎         | 115/3125 [07:08<2:16:18,  2.72s/it, r2=0.8178]Training:   4%|▎         | 116/3125 [07:11<2:11:49,  2.63s/it, r2=0.8178]Training:   4%|▎         | 116/3125 [07:11<2:11:49,  2.63s/it, r2=0.8178]Training:   4%|▎         | 117/3125 [07:14<2:24:47,  2.89s/it, r2=0.8178]Training:   4%|▎         | 117/3125 [07:14<2:24:47,  2.89s/it, r2=0.8178]Training:   4%|▍         | 118/3125 [07:17<2:29:33,  2.98s/it, r2=0.8178]Training:   4%|▍         | 118/3125 [07:17<2:29:33,  2.98s/it, r2=0.8178]Training:   4%|▍         | 119/3125 [07:21<2:42:57,  3.25s/it, r2=0.8178]Training:   4%|▍         | 119/3125 [07:21<2:42:57,  3.25s/it, r2=0.8178]Training:   4%|▍         | 120/3125 [07:23<2:25:49,  2.91s/it, r2=0.8178]Training:   4%|▍         | 120/3125 [07:23<2:25:49,  2.91s/it, r2=0.8178]Training:   4%|▍         | 121/3125 [07:27<2:40:09,  3.20s/it, r2=0.8178]Training:   4%|▍         | 121/3125 [07:27<2:40:09,  3.20s/it, r2=0.8178]Training:   4%|▍         | 122/3125 [07:30<2:31:43,  3.03s/it, r2=0.8178]Training:   4%|▍         | 122/3125 [07:30<2:31:43,  3.03s/it, r2=0.8178]Training:   4%|▍         | 123/3125 [07:33<2:37:49,  3.15s/it, r2=0.8178]Training:   4%|▍         | 123/3125 [07:33<2:37:49,  3.15s/it, r2=0.8178]Training:   4%|▍         | 124/3125 [07:36<2:31:14,  3.02s/it, r2=0.8178]Training:   4%|▍         | 124/3125 [07:36<2:31:14,  3.02s/it, r2=0.8178]
Validation:   0%|          | 0/12 [00:00<?, ?it/s][A
Validation:   8%|▊         | 1/12 [00:00<00:07,  1.50it/s][A
Validation:  17%|█▋        | 2/12 [00:02<00:11,  1.19s/it][A
Validation:  25%|██▌       | 3/12 [00:02<00:08,  1.12it/s][A
Validation:  33%|███▎      | 4/12 [00:03<00:06,  1.24it/s][A
Validation:  42%|████▏     | 5/12 [00:04<00:06,  1.07it/s][A
Validation:  50%|█████     | 6/12 [00:05<00:05,  1.03it/s][A
Validation:  58%|█████▊    | 7/12 [00:06<00:04,  1.01it/s][A
Validation:  67%|██████▋   | 8/12 [00:07<00:04,  1.01s/it][A
Validation:  75%|███████▌  | 9/12 [00:08<00:02,  1.07it/s][A
Validation:  83%|████████▎ | 10/12 [00:09<00:01,  1.21it/s][A
Validation:  92%|█████████▏| 11/12 [00:09<00:00,  1.19it/s][A
Validation: 100%|██████████| 12/12 [00:10<00:00,  1.11it/s][A
                                                           [ATraining:   4%|▍         | 124/3125 [07:53<2:31:14,  3.02s/it, r2=0.8246]Training:   4%|▍         | 125/3125 [08:43<18:25:57, 22.12s/it, r2=0.8246]Training:   4%|▍         | 125/3125 [08:43<18:25:57, 22.12s/it, r2=0.8246]Training:   4%|▍         | 126/3125 [08:45<13:26:11, 16.13s/it, r2=0.8246]Training:   4%|▍         | 126/3125 [08:45<13:26:11, 16.13s/it, r2=0.8246]Training:   4%|▍         | 127/3125 [08:48<10:13:36, 12.28s/it, r2=0.8246]Training:   4%|▍         | 127/3125 [08:48<10:13:36, 12.28s/it, r2=0.8246]Training:   4%|▍         | 128/3125 [08:51<7:49:46,  9.40s/it, r2=0.8246] Training:   4%|▍         | 128/3125 [08:51<7:49:46,  9.40s/it, r2=0.8246]Training:   4%|▍         | 129/3125 [08:54<6:16:29,  7.54s/it, r2=0.8246]Training:   4%|▍         | 129/3125 [08:54<6:16:29,  7.54s/it, r2=0.8246]Training:   4%|▍         | 130/3125 [08:57<5:08:55,  6.19s/it, r2=0.8246]Training:   4%|▍         | 130/3125 [08:57<5:08:55,  6.19s/it, r2=0.8246]Training:   4%|▍         | 131/3125 [09:00<4:23:53,  5.29s/it, r2=0.8246]Training:   4%|▍         | 131/3125 [09:00<4:23:53,  5.29s/it, r2=0.8246]Training:   4%|▍         | 132/3125 [09:03<3:43:34,  4.48s/it, r2=0.8246]Training:   4%|▍         | 132/3125 [09:03<3:43:34,  4.48s/it, r2=0.8246]Training:   4%|▍         | 133/3125 [09:06<3:24:01,  4.09s/it, r2=0.8246]Training:   4%|▍         | 133/3125 [09:06<3:24:01,  4.09s/it, r2=0.8246]Training:   4%|▍         | 134/3125 [09:09<3:06:28,  3.74s/it, r2=0.8246]Training:   4%|▍         | 134/3125 [09:09<3:06:28,  3.74s/it, r2=0.8246]Training:   4%|▍         | 135/3125 [09:12<3:03:28,  3.68s/it, r2=0.8246]Training:   4%|▍         | 135/3125 [09:12<3:03:28,  3.68s/it, r2=0.8246]Training:   4%|▍         | 136/3125 [09:16<2:57:16,  3.56s/it, r2=0.8246]Training:   4%|▍         | 136/3125 [09:16<2:57:16,  3.56s/it, r2=0.8246]Training:   4%|▍         | 137/3125 [09:20<3:02:30,  3.66s/it, r2=0.8246]Training:   4%|▍         | 137/3125 [09:20<3:02:30,  3.66s/it, r2=0.8246]Training:   4%|▍         | 138/3125 [09:23<2:58:02,  3.58s/it, r2=0.8246]Training:   4%|▍         | 138/3125 [09:23<2:58:02,  3.58s/it, r2=0.8246]Training:   4%|▍         | 139/3125 [09:26<2:50:56,  3.43s/it, r2=0.8246]Training:   4%|▍         | 139/3125 [09:26<2:50:56,  3.43s/it, r2=0.8246]Training:   4%|▍         | 140/3125 [09:29<2:35:50,  3.13s/it, r2=0.8246]Training:   4%|▍         | 140/3125 [09:29<2:35:50,  3.13s/it, r2=0.8246]Training:   5%|▍         | 141/3125 [09:31<2:21:29,  2.84s/it, r2=0.8246]Training:   5%|▍         | 141/3125 [09:31<2:21:29,  2.84s/it, r2=0.8246]Training:   5%|▍         | 142/3125 [09:34<2:32:22,  3.07s/it, r2=0.8246]Training:   5%|▍         | 142/3125 [09:34<2:32:22,  3.07s/it, r2=0.8246]Training:   5%|▍         | 143/3125 [09:37<2:20:12,  2.82s/it, r2=0.8246]Training:   5%|▍         | 143/3125 [09:37<2:20:12,  2.82s/it, r2=0.8246]Training:   5%|▍         | 144/3125 [09:40<2:30:43,  3.03s/it, r2=0.8246]Training:   5%|▍         | 144/3125 [09:40<2:30:43,  3.03s/it, r2=0.8246]Training:   5%|▍         | 145/3125 [09:43<2:26:00,  2.94s/it, r2=0.8246]Training:   5%|▍         | 145/3125 [09:43<2:26:00,  2.94s/it, r2=0.8246]Training:   5%|▍         | 146/3125 [09:47<2:39:59,  3.22s/it, r2=0.8246]Training:   5%|▍         | 146/3125 [09:47<2:39:59,  3.22s/it, r2=0.8246]Training:   5%|▍         | 147/3125 [09:50<2:45:11,  3.33s/it, r2=0.8246]Training:   5%|▍         | 147/3125 [09:50<2:45:11,  3.33s/it, r2=0.8246]Training:   5%|▍         | 148/3125 [09:53<2:34:49,  3.12s/it, r2=0.8246]Training:   5%|▍         | 148/3125 [09:53<2:34:49,  3.12s/it, r2=0.8246]Training:   5%|▍         | 149/3125 [09:56<2:39:38,  3.22s/it, r2=0.8246]Training:   5%|▍         | 149/3125 [09:56<2:39:38,  3.22s/it, r2=0.8246]Training:   5%|▍         | 150/3125 [10:00<2:44:59,  3.33s/it, r2=0.8246]Training:   5%|▍         | 150/3125 [10:00<2:44:59,  3.33s/it, r2=0.8246]Training:   5%|▍         | 151/3125 [10:03<2:48:05,  3.39s/it, r2=0.8246]Training:   5%|▍         | 151/3125 [10:03<2:48:05,  3.39s/it, r2=0.8246]Training:   5%|▍         | 152/3125 [10:07<2:45:01,  3.33s/it, r2=0.8246]Training:   5%|▍         | 152/3125 [10:07<2:45:01,  3.33s/it, r2=0.8246]Training:   5%|▍         | 153/3125 [10:09<2:36:29,  3.16s/it, r2=0.8246]Training:   5%|▍         | 153/3125 [10:09<2:36:29,  3.16s/it, r2=0.8246]Training:   5%|▍         | 154/3125 [10:13<2:38:37,  3.20s/it, r2=0.8246]Training:   5%|▍         | 154/3125 [10:13<2:38:37,  3.20s/it, r2=0.8246]Training:   5%|▍         | 155/3125 [10:16<2:34:53,  3.13s/it, r2=0.8246]Training:   5%|▍         | 155/3125 [10:16<2:34:53,  3.13s/it, r2=0.8246]Training:   5%|▍         | 156/3125 [10:19<2:34:10,  3.12s/it, r2=0.8246]Training:   5%|▍         | 156/3125 [10:19<2:34:10,  3.12s/it, r2=0.8246]Training:   5%|▌         | 157/3125 [10:23<2:46:27,  3.37s/it, r2=0.8246]Training:   5%|▌         | 157/3125 [10:23<2:46:27,  3.37s/it, r2=0.8246]Training:   5%|▌         | 158/3125 [10:27<2:53:08,  3.50s/it, r2=0.8246]Training:   5%|▌         | 158/3125 [10:27<2:53:08,  3.50s/it, r2=0.8246]Training:   5%|▌         | 159/3125 [10:29<2:30:11,  3.04s/it, r2=0.8246]Training:   5%|▌         | 159/3125 [10:29<2:30:11,  3.04s/it, r2=0.8246]Training:   5%|▌         | 160/3125 [10:30<2:14:20,  2.72s/it, r2=0.8246]Training:   5%|▌         | 160/3125 [10:30<2:14:20,  2.72s/it, r2=0.8246]Training:   5%|▌         | 161/3125 [10:32<2:03:20,  2.50s/it, r2=0.8246]Training:   5%|▌         | 161/3125 [10:32<2:03:20,  2.50s/it, r2=0.8246]Training:   5%|▌         | 162/3125 [10:35<2:00:06,  2.43s/it, r2=0.8246]Training:   5%|▌         | 162/3125 [10:35<2:00:06,  2.43s/it, r2=0.8246]Training:   5%|▌         | 163/3125 [10:37<1:53:13,  2.29s/it, r2=0.8246]Training:   5%|▌         | 163/3125 [10:37<1:53:13,  2.29s/it, r2=0.8246]Training:   5%|▌         | 164/3125 [10:39<1:50:10,  2.23s/it, r2=0INFO:rasterio._err:GDAL signalled an error: err_no=1, msg='Marker is not compliant with its position\n'
INFO:rasterio._err:GDAL signalled an error: err_no=1, msg='opj_get_decoded_tile() failed'
INFO:rasterio._err:GDAL signalled an error: err_no=1, msg='landsat_2019_11,58_p50.jp2, band 1: IReadBlock failed at X offset 4, Y offset 1: opj_get_decoded_tile() failed'
[ps_lazydataset][rank 6] Transient read failure on /flash/project_465002934/data/Landsat/eur_test2/2019/11,58/landsat_2019_11,58_p50.jp2 (window=Window(col_off=4243, row_off=1546, width=120, height=120)), attempt 1/3: Read failed. See previous exception for details.
INFO:rasterio._err:GDAL signalled an error: err_no=1, msg='Marker is not compliant with its position\n'
INFO:rasterio._err:GDAL signalled an error: err_no=1, msg='opj_get_decoded_tile() failed'
INFO:rasterio._err:GDAL signalled an error: err_no=1, msg='landsat_2019_5,52_p50.jp2, band 1: IReadBlock failed at X offset 3, Y offset 0: opj_get_decoded_tile() failed'
[ps_lazydataset][rank 4] Transient read failure on /flash/project_465002934/data/Landsat/eur_test2/2019/5,52/landsat_2019_5,52_p50.jp2 (window=Window(col_off=3830, row_off=736, width=60, height=60)), attempt 1/3: Read failed. See previous exception for details.
INFO:rasterio._err:GDAL signalled an error: err_no=1, msg='Marker is not compliant with its position\n'
INFO:rasterio._err:GDAL signalled an error: err_no=1, msg='Marker is not compliant with its position\n'
INFO:rasterio._err:GDAL signalled an error: err_no=1, msg='opj_get_decoded_tile() failed'
INFO:rasterio._err:GDAL signalled an error: err_no=1, msg='opj_get_decoded_tile() failed'
INFO:rasterio._err:GDAL signalled an error: err_no=1, msg='landsat_2019_8,57_p50.jp2, band 1: IReadBlock failed at X offset 0, Y offset 6: opj_get_decoded_tile() failed'
INFO:rasterio._err:GDAL signalled an error: err_no=1, msg='landsat_2019_8,57_p50.jp2, band 1: IReadBlock failed at X offset 4, Y offset 5: opj_get_decoded_tile() failed'
[ps_lazydataset][rank 36] Transient read failure on /flash/project_465002934/data/Landsat/eur_test2/2019/8,57/landsat_2019_8,57_p50.jp2 (window=Window(col_off=777, row_off=6270, width=120, height=120)), attempt 1/3: Read failed. See previous exception for details.[ps_lazydataset][rank 36] Transient read failure on /flash/project_465002934/data/Landsat/eur_test2/2019/8,57/landsat_2019_8,57_p50.jp2 (window=Window(col_off=4698, row_off=5202, width=60, height=60)), attempt 1/3: Read failed. See previous exception for details.

INFO:rasterio._err:GDAL signalled an error: err_no=1, msg='Marker is not compliant with its position\n'
INFO:rasterio._err:GDAL signalled an error: err_no=1, msg='opj_get_decoded_tile() failed'
INFO:rasterio._err:GDAL signalled an error: err_no=1, msg='landsat_2019_10,55_p50.jp2, band 1: IReadBlock failed at X offset 5, Y offset 4: opj_get_decoded_tile() failed'
[ps_lazydataset][rank 51] Transient read failure on /flash/project_465002934/data/Landsat/eur_test2/2019/10,55/landsat_2019_10,55_p50.jp2 (window=Window(col_off=5215, row_off=4959, width=120, height=120)), attempt 1/3: Read failed. See previous exception for details.
INFO:rasterio._err:GDAL signalled an error: err_no=1, msg='Marker is not compliant with its position\n'
INFO:rasterio._err:GDAL signalled an error: err_no=1, msg='opj_get_decoded_tile() failed'
INFO:rasterio._err:GDAL signalled an error: err_no=1, msg='landsat_2019_6,55_p50.jp2, band 1: IReadBlock failed at X offset 3, Y offset 3: opj_get_decoded_tile() failed'
[ps_lazydataset][rank 22] Transient read failure on /flash/project_465002934/data/Landsat/eur_test2/2019/6,55/landsat_2019_6,55_p50.jp2 (window=Window(col_off=3217, row_off=3708, width=60, height=60)), attempt 1/3: Read failed. See previous exception for details.
INFO:rasterio._err:GDAL signalled an error: err_no=1, msg='Marker is not compliant with its position\n'
INFO:rasterio._err:GDAL signalled an error: err_no=1, msg='Marker is not compliant with its position\n'
INFO:rasterio._err:GDAL signalled an error: err_no=1, msg='opj_get_decoded_tile() failed'
INFO:rasterio._err:GDAL signalled an error: err_no=1, msg='opj_get_decoded_tile() failed'
INFO:rasterio._err:GDAL signalled an error: err_no=1, msg='landsat_2019_6,55_p50.jp2, band 1: IReadBlock failed at X offset 5, Y offset 4: opj_get_decoded_tile() failed'
[ps_lazydataset][rank 22] Transient read failure on /flash/project_465002934/data/Landsat/eur_test2/2019/6,55/landsat_2019_6,55_p50.jp2 (window=Window(col_off=5713, row_off=4978, width=120, height=120)), attempt 1/3: Read failed. See previous exception for details.
INFO:rasterio._err:GDAL signalled an error: err_no=1, msg='landsat_2019_11,58_p50.jp2, band 1: IReadBlock failed at X offset 4, Y offset 4: opj_get_decoded_tile() failed'
[ps_lazydataset][rank 57] Transient read failure on /flash/project_465002934/data/Landsat/eur_test2/2019/11,58/landsat_2019_11,58_p50.jp2 (window=Window(col_off=4938, row_off=4968, width=120, height=120)), attempt 1/3: Read failed. See previous exception for details.
INFO:rasterio._err:GDAL signalled an error: err_no=1, msg='Marker is not compliant with its position\n'
INFO:rasterio._err:GDAL signalled an error: err_no=1, msg='opj_get_decoded_tile() failed'
INFO:rasterio._err:GDAL signalled an error: err_no=1, msg='landsat_2019_5,52_p50.jp2, band 1: IReadBlock failed at X offset 2, Y offset 2: opj_get_decoded_tile() failed'
INFO:rasterio._err:GDAL signalled an error: err_no=1, msg='Marker is not compliant with its position\n'
INFO:rasterio._err:GDAL signalled an error: err_no=1, msg='Marker is not compliant with its position\n'
[ps_lazydataset][rank 14] Transient read failure on /flash/project_465002934/data/Landsat/eur_test2/2019/5,52/landsat_2019_5,52_p50.jp2 (window=Window(col_off=2461, row_off=2400, width=120, height=120)), attempt 1/3: Read failed. See previous exception for details.
INFO:rasterio._err:GDAL signalled an error: err_no=1, msg='opj_get_decoded_tile() failed'
INFO:rasterio._err:GDAL signalled an error: err_no=1, msg='opj_get_decoded_tile() failed'
INFO:rasterio._err:GDAL signalled an error: err_no=1, msg='landsat_2019_5,52_p50.jp2, band 1: IReadBlock failed at X offset 5, Y offset 1: opj_get_decoded_tile() failed'
INFO:rasterio._err:GDAL signalled an error: err_no=1, msg='landsat_2019_5,52_p50.jp2, band 1: IReadBlock failed at X offset 3, Y offset 3: opj_get_decoded_tile() failed'
[ps_lazydataset][rank 52] Transient read failure on /flash/project_465002934/data/Landsat/eur_test2/2019/5,52/landsat_2019_5,52_p50.jp2 (window=Window(col_off=5124, row_off=1662, width=60, height=60)), attempt 1/3: Read failed. See previous exception for details.[ps_lazydataset][rank 52] Transient read failure on /flash/project_465002934/data/Landsat/eur_test2/2019/5,52/landsat_2019_5,52_p50.jp2 (window=Window(col_off=3695, row_off=3095, width=60, height=60)), attempt 1/3: Read failed. See previous exception for details.

INFO:rasterio._err:GDAL signalled an error: err_no=1, msg='Marker is not compliant with its position\n'
INFO:rasterio._err:GDAL signalled an error: err_no=1, msg='Marker is not compliant with its position\n'
INFO:rasterio._err:GDAL signalled an error: err_no=1, msg='opj_get_decoded_tile() failed'
INFO:rasterio._err:GDAL signalled an error: err_no=1, msg='opj_get_decoded_tile() failed'
INFO:rasterio._err:GDAL signalled an error: err_no=1, msg='landsat_2019_6,55_p50.jp2, band 1: IReadBlock failed at X offset 2, Y offset 3: opj_get_decoded_tile() failed'
[ps_lazydataset][rank 44] Transient read failure on /flash/project_465002934/data/Landsat/eur_test2/2019/6,55/landsat_2019_6,55_p50.jp2 (window=Window(col_off=2940, row_off=3499, width=60, height=60)), attempt 1/3: Read failed. See previous exception for details.
INFO:rasterio._err:GDAL signalled an error: err_no=1, msg='landsat_2019_6,55_p50.jp2, band 1: IReadBlock failed at X offset 0, Y offset 4: opj_get_decoded_tile() failed'
INFO:rasterio._err:GDAL signalled an error: err_no=1, msg='Marker is not compliant with its position\n'
[ps_lazydataset][rank 44] Transient read failure on /flash/project_465002934/data/Landsat/eur_test2/2019/6,55/landsat_2019_6,55_p50.jp2 (window=Window(col_off=59, row_off=4784, width=120, height=120)), attempt 1/3: Read failed. See previous exception for details.
INFO:rasterio._err:GDAL signalled an error: err_no=1, msg='opj_get_decoded_tile() failed'
INFO:rasterio._err:GDAL signalled an error: err_no=1, msg='landsat_2019_11,58_p50.jp2, band 1: IReadBlock failed at X offset 0, Y offset 1: opj_get_decoded_tile() failed'
[ps_lazydataset][rank 48] Transient read failure on /flash/project_465002934/data/Landsat/eur_test2/2019/11,58/landsat_2019_11,58_p50.jp2 (window=Window(col_off=380, row_off=1096, width=60, height=60)), attempt 1/3: Read failed. See previous exception for details.
INFO:rasterio._err:GDAL signalled an error: err_no=1, msg='Marker is not compliant with its position\n'
INFO:rasterio._err:GDAL signalled an error: err_no=1, msg='opj_get_decoded_tile() failed'
INFO:rasterio._err:GDAL signalled an error: err_no=1, msg='landsat_2019_10,55_p50.jp2, band 1: IReadBlock failed at X offset 2, Y offset 2: opj_get_decoded_tile() failed'
[ps_lazydataset][rank 24] Transient read failure on /flash/project_465002934/data/Landsat/eur_test2/2019/10,55/landsat_2019_10,55_p50.jp2 (window=Window(col_off=2851, row_off=2754, width=60, height=60)), attempt 1/3: Read failed. See previous exception for details.
INFO:rasterio._err:GDAL signalled an error: err_no=1, msg='Marker is not compliant with its position\n'
INFO:rasterio._err:GDAL signalled an error: err_no=1, msg='Marker is not compliant with its position\n'
INFO:rasterio._err:GDAL signalled an error: err_no=1, msg='opj_get_decoded_tile() failed'
INFO:rasterio._err:GDAL signalled an error: err_no=1, msg='opj_get_decoded_tile() failed'
INFO:rasterio._err:GDAL signalled an error: err_no=1, msg='landsat_2019_8,57_p50.jp2, band 1: IReadBlock failed at X offset 4, Y offset 0: opj_get_decoded_tile() failed'
[ps_lazydataset][rank 20] Transient read failure on /flash/project_465002934/data/Landsat/eur_test2/2019/8,57/landsat_2019_8,57_p50.jp2 (window=Window(col_off=4286, row_off=866, width=60, height=60)), attempt 1/3: Read failed. See previous exception for details.
INFO:rasterio._err:GDAL signalled an error: err_no=1, msg='landsat_2019_8,57_p50.jp2, band 1: IReadBlock failed at X offset 2, Y offset 4: opj_get_decoded_tile() failed'
[ps_lazydataset][rank 20] Transient read failure on /flash/project_465002934/data/Landsat/eur_test2/2019/8,57/landsat_2019_8,57_p50.jp2 (window=Window(col_off=2647, row_off=4722, width=120, height=120)), attempt 1/3: Read failed. See previous exception for details.
INFO:rasterio._err:GDAL signalled an error: err_no=1, msg='Marker is not compliant with its position\n'
INFO:rasterio._err:GDAL signalled an error: err_no=1, msg='opj_get_decoded_tile() failed'
INFO:rasterio._err:GDAL signalled an error: err_no=1, msg='landsat_2019_10,55_p50.jp2, band 1: IReadBlock failed at X offset 0, Y offset 3: opj_get_decoded_tile() failed'
[ps_lazydataset][rank 49] Transient read failure on /flash/project_465002934/data/Landsat/eur_test2/2019/10,55/landsat_2019_10,55_p50.jp2 (window=Window(col_off=2, row_off=3869, width=60, height=60)), attempt 1/3: Read failed. See previous exception for details.
INFO:rasterio._err:GDAL signalled an error: err_no=1, msg='Marker is not compliant with its position\n'
INFO:rasterio._err:GDAL signalled an error: err_no=1, msg='opj_get_decoded_tile() failed'
INFO:rasterio._err:GDAL signalled an error: err_no=1, msg='landsat_2019_9,53_p50.jp2, band 1: IReadBlock failed at X offset 4, Y offset 6: opj_get_decoded_tile() failed'
[ps_lazydataset][rank 16] Transient read failure on /flash/project_465002934/data/Landsat/eur_test2/2019/9,53/landsat_2019_9,53_p50.jp2 (window=Window(col_off=4567, row_off=6537, width=60, height=60)), attempt 1/3: Read failed. See previous exception for details.
INFO:rasterio._err:GDAL signalled an error: err_no=1, msg='Marker is not compliant with its position\n'
INFO:rasterio._err:GDAL signalled an error: err_no=1, msg='opj_get_decoded_tile() failed'
INFO:rasterio._err:GDAL signalled an error: err_no=1, msg='Marker is not compliant with its position\n'
INFO:rasterio._err:GDAL signalled an error: err_no=1, msg='opj_get_decoded_tile() failed'
INFO:rasterio._err:GDAL signalled an error: err_no=1, msg='landsat_2019_11,58_p50.jp2, band 1: IReadBlock failed at X offset 5, Y offset 3: opj_get_decoded_tile() failed'
[ps_lazydataset][rank 31] Transient read failure on /flash/project_465002934/data/Landsat/eur_test2/2019/11,58/landsat_2019_11,58_p50.jp2 (window=Window(col_off=5497, row_off=3428, width=120, height=120)), attempt 1/3: Read failed. See previous exception for details.
INFO:rasterio._err:GDAL signalled an error: err_no=1, msg='landsat_2019_10,55_p50.jp2, band 1: IReadBlock failed at X offset 5, Y offset 5: opj_get_decoded_tile() failed'
[ps_lazydataset][rank 31] Transient read failure on /flash/project_465002934/data/Landsat/eur_test2/2019/10,55/landsat_2019_10,55_p50.jp2 (window=Window(col_off=5798, row_off=5174, width=120, height=120)), attempt 1/3: Read failed. See previous exception for details.
INFO:rasterio._err:GDAL signalled an error: err_no=1, msg='Marker is not compliant with its position\n'
INFO:rasterio._err:GDAL signalled an error: err_no=1, msg='opj_get_decoded_tile() failed'
INFO:rasterio._err:GDAL signalled an error: err_no=1, msg='landsat_2019_5,52_p50.jp2, band 1: IReadBlock failed at X offset 0, Y offset 1: opj_get_decoded_tile() failed'
[ps_lazydataset][rank 18] Transient read failure on /flash/project_465002934/data/Landsat/eur_test2/2019/5,52/landsat_2019_5,52_p50.jp2 (window=Window(col_off=772, row_off=1681, width=120, height=120)), attempt 1/3: Read failed. See previous exception for details.
.8246]Training:   5%|▌         | 164/3125 [10:39<1:50:10,  2.23s/it, r2=0.8246]Training:   5%|▌         | 165/3125 [10:41<1:50:54,  2.25s/it, r2=0.8246]Training:   5%|▌         | 165/3125 [10:41<1:50:54,  2.25s/it, r2=0.8246]Training:   5%|▌         | 166/3125 [10:43<1:46:34,  2.16s/it, r2=0.8246]Training:   5%|▌         | 166/3125 [10:43<1:46:34,  2.16s/it, r2=0.8246]Training:   5%|▌         | 167/3125 [10:45<1:43:41,  2.10s/it, r2=0.8246]Training:   5%|▌         | 167/3125 [10:45<1:43:41,  2.10s/it, r2=0.8246]Training:   5%|▌         | 168/3125 [10:46<1:27:21,  1.77s/it, r2=0.8246]Training:   5%|▌         | 168/3125 [10:46<1:27:21,  1.77s/it, r2=0.8246]Training:   5%|▌         | 169/3125 [10:48<1:30:04,  1.83s/it, r2=0.8246]Training:   5%|▌         | 169/3125 [10:48<1:30:04,  1.83s/it, r2=0.8246]Training:   5%|▌         | 170/3125 [10:49<1:24:00,  1.71s/it, r2=0.8246]Training:   5%|▌         | 170/3125 [10:49<1:24:00,  1.71s/it, r2=0.8246][ps_lazydataset][rank 0] Transient read failure on /flash/project_465002934/data/Landsat/eur_test2/2019/5,52/landsat_2019_5,52_p50.jp2 (window=Window(col_off=1413, row_off=3882, width=60, height=60)), attempt 1/3: Read failed. See previous exception for details.
INFO:rasterio._err:GDAL signalled an error: err_no=1, msg='Marker is not compliant with its position\n'
INFO:rasterio._err:GDAL signalled an error: err_no=1, msg='opj_get_decoded_tile() failed'
INFO:rasterio._err:GDAL signalled an error: err_no=1, msg='landsat_2019_8,57_p50.jp2, band 1: IReadBlock failed at X offset 6, Y offset 4: opj_get_decoded_tile() failed'
[ps_lazydataset][rank 50] Transient read failure on /flash/project_465002934/data/Landsat/eur_test2/2019/8,57/landsat_2019_8,57_p50.jp2 (window=Window(col_off=6152, row_off=4986, width=120, height=120)), attempt 1/3: Read failed. See previous exception for details.
INFO:rasterio._err:GDAL signalled an error: err_no=1, msg='Marker is not compliant with its position\n'
INFO:rasterio._err:GDAL signalled an error: err_no=1, msg='opj_get_decoded_tile() failed'
INFO:rasterio._err:GDAL signalled an error: err_no=1, msg='Marker is not compliant with its position\n'
INFO:rasterio._err:GDAL signalled an error: err_no=1, msg='opj_get_decoded_tile() failed'
INFO:rasterio._err:GDAL signalled an error: err_no=1, msg='landsat_2019_8,57_p50.jp2, band 1: IReadBlock failed at X offset 2, Y offset 5: opj_get_decoded_tile() failed'
[ps_lazydataset][rank 58] Transient read failure on /flash/project_465002934/data/Landsat/eur_test2/2019/8,57/landsat_2019_8,57_p50.jp2 (window=Window(col_off=2362, row_off=5978, width=60, height=60)), attempt 1/3: Read failed. See previous exception for details.
INFO:rasterio._err:GDAL signalled an error: err_no=1, msg='landsat_2019_5,52_p50.jp2, band 1: IReadBlock failed at X offset 3, Y offset 0: opj_get_decoded_tile() failed'
[ps_lazydataset][rank 15] Transient read failure on /flash/project_465002934/data/Landsat/eur_test2/2019/5,52/landsat_2019_5,52_p50.jp2 (window=Window(col_off=3150, row_off=253, width=60, height=60)), attempt 1/3: Read failed. See previous exception for details.
INFO:rasterio._err:GDAL signalled an error: err_no=1, msg='Marker is not compliant with its position\n'
INFO:rasterio._err:GDAL signalled an error: err_no=1, msg='Marker is not compliant with its position\n'
INFO:rasterio._err:GDAL signalled an error: err_no=1, msg='opj_get_decoded_tile() failed'
INFO:rasterio._err:GDAL signalled an error: err_no=1, msg='opj_get_decoded_tile() failed'
INFO:rasterio._err:GDAL signalled an error: err_no=1, msg='landsat_2019_11,58_p50.jp2, band 1: IReadBlock failed at X offset 2, Y offset 0: opj_get_decoded_tile() failed'
INFO:rasterio._err:GDAL signalled an error: err_no=1, msg='landsat_2019_11,58_p50.jp2, band 1: IReadBlock failed at X offset 0, Y offset 3: opj_get_decoded_tile() failed'
[ps_lazydataset][rank 7] Transient read failure on /flash/project_465002934/data/Landsat/eur_test2/2019/11,58/landsat_2019_11,58_p50.jp2 (window=Window(col_off=2060, row_off=17, width=60, height=60)), attempt 1/3: Read failed. See previous exception for details.[ps_lazydataset][rank 7] Transient read failure on /flash/project_465002934/data/Landsat/eur_test2/2019/11,58/landsat_2019_11,58_p50.jp2 (window=Window(col_off=897, row_off=4021, width=60, height=60)), attempt 1/3: Read failed. See previous exception for details.

INFO:rasterio._err:GDAL signalled an error: err_no=1, msg='Stream too short, expected SOT\n'
INFO:rasterio._err:GDAL signalled an error: err_no=1, msg='opj_get_decoded_tile() failed'
INFO:rasterio._err:GDAL signalled an error: err_no=1, msg='landsat_2019_9,53_p50.jp2, band 1: IReadBlock failed at X offset 0, Y offset 0: opj_get_decoded_tile() failed'
[ps_lazydataset][rank 27] Transient read failure on /flash/project_465002934/data/Landsat/eur_test2/2019/9,53/landsat_2019_9,53_p50.jp2 (window=Window(col_off=295, row_off=469, width=60, height=60)), attempt 1/3: Read failed. See previous exception for details.
INFO:rasterio._err:GDAL signalled an error: err_no=1, msg='Stream too short, expected SOT\n'
INFO:rasterio._err:GDAL signalled an error: err_no=1, msg='opj_get_decoded_tile() failed'
INFO:rasterio._err:GDAL signalled an error: err_no=1, msg='landsat_2019_10,55_p50.jp2, band 1: IReadBlock failed at X offset 6, Y offset 1: opj_get_decoded_tile() failed'
[ps_lazydataset][rank 24] Transient read failure on /flash/project_465002934/data/Landsat/eur_test2/2019/10,55/landsat_2019_10,55_p50.jp2 (window=Window(col_off=6542, row_off=1459, width=120, height=120)), attempt 1/3: Read failed. See previous exception for details.
INFO:rasterio._err:GDAL signalled an error: err_no=1, msg='Stream too short, expected SOT\n'
INFO:rasterio._err:GDAL signalled an error: err_no=1, msg='opj_get_decoded_tile() failed'
INFO:rasterio._err:GDAL signalled an error: err_no=1, msg='landsat_2019_11,58_p50.jp2, band 1: IReadBlock failed at X offset 1, Y offset 6: opj_get_decoded_tile() failed'
[ps_lazydataset][rank 31] Transient read failure on /flash/project_465002934/data/Landsat/eur_test2/2019/11,58/landsat_2019_11,58_p50.jp2 (window=Window(col_off=1938, row_off=6308, width=60, height=60)), attempt 1/3: Read failed. See previous exception for details.
INFO:rasterio._err:GDAL signalled an error: err_no=1, msg='Stream too short, expected SOT\n'
INFO:rasterio._err:GDAL signalled an error: err_no=1, msg='opj_get_decoded_tile() failed'
INFO:rasterio._err:GDAL signalled an error: err_no=1, msg='landsat_2019_6,55_p50.jp2, band 1: IReadBlock failed at X offset 0, Y offset 5: opj_get_decoded_tile() failed'
[ps_lazydataset][rank 22] Transient read failure on /flash/project_465002934/data/Landsat/eur_test2/2019/6,55/landsat_2019_6,55_p50.jp2 (window=Window(col_off=864, row_off=5868, width=60, height=60)), attempt 1/3: Read failed. See previous exception for details.
INFO:rasterio._err:GDAL signalled an error: err_no=1, msg='Stream too short, expected SOT\n'
INFO:rasterio._err:GDAL signalled an error: err_no=1, msg='opj_get_decoded_tile() failed'
INFO:rasterio._err:GDAL signalled an error: err_no=1, msg='landsat_2019_10,55_p50.jp2, band 1: IReadBlock failed at X offset 2, Y offset 5: opj_get_decoded_tile() failed'
[ps_lazydataset][rank 51] Transient read failure on /flash/project_465002934/data/Landsat/eur_test2/2019/10,55/landsat_2019_10,55_p50.jp2 (window=Window(col_off=2623, row_off=5644, width=120, height=120)), attempt 1/3: Read failed. See previous exception for details.
INFO:rasterio._err:GDAL signalled an error: err_no=1, msg='Stream too short, expected SOT\n'
INFO:rasterio._err:GDAL signalled an error: err_no=1, msg='opj_get_decoded_tile() failed'
INFO:rasterio._err:GDAL signalled an error: err_no=1, msg='landsat_2019_10,55_p50.jp2, band 1: IReadBlock failed at X offset 3, Y offset 0: opj_get_decoded_tile() failed'
[ps_lazydataset][rank 31] Transient read failure on /flash/project_465002934/data/Landsat/eur_test2/2019/10,55/landsat_2019_10,55_p50.jp2 (window=Window(col_off=4034, row_off=930, width=60, height=60)), attempt 1/3: Read failed. See previous exception for details.
INFO:rasterio._err:GDAL signalled an error: err_no=1, msg='Stream too short, expected SOT\n'
INFO:rasterio._err:GDAL signalled an error: err_no=1, msg='opj_get_decoded_tile() failed'
INFO:rasterio._err:GDAL signalled an error: err_no=1, msg='Stream too short, expected SOT\n'
INFO:rasterio._err:GDAL signalled an error: err_no=1, msg='opj_get_decoded_tile() failed'
INFO:rasterio._err:GDAL signalled an error: err_no=1, msg='landsat_2019_9,53_p50.jp2, band 1: IReadBlock failed at X offset 0, Y offset 4: opj_get_decoded_tile() failed'
[ps_lazydataset][rank 27] Transient read failure on /flash/project_465002934/data/Landsat/eur_test2/2019/9,53/landsat_2019_9,53_p50.jp2 (window=Window(col_off=654, row_off=4421, width=120, height=120)), attempt 1/3: Read failed. See previous exception for details.
INFO:rasterio._err:GDAL signalled an error: err_no=1, msg='landsat_2019_11,58_p50.jp2, band 1: IReadBlock failed at X offset 4, Y offset 4: opj_get_decoded_tile() failed'
[ps_lazydataset][rank 6] Transient read failure on /flash/project_465002934/data/Landsat/eur_test2/2019/11,58/landsat_2019_11,58_p50.jp2 (window=Window(col_off=4262, row_off=4703, width=120, height=120)), attempt 1/3: Read failed. See previous exception for details.
INFO:rasterio._err:GDAL signalled an error: err_no=1, msg='Stream too short, expected SOT\n'
INFO:rasterio._err:GDAL signalled an error: err_no=1, msg='opj_get_decoded_tile() failed'
INFO:rasterio._err:GDAL signalled an error: err_no=1, msg='Stream too short, expected SOT\n'
INFO:rasterio._err:GDAL signalled an error: err_no=1, msg='opj_get_decoded_tile() failed'
INFO:rasterio._err:GDAL signalled an error: err_no=1, msg='landsat_2019_11,58_p50.jp2, band 1: IReadBlock failed at X offset 5, Y offset 2: opj_get_decoded_tile() failed'
INFO:rasterio._err:GDAL signalled an error: err_no=1, msg='landsat_2019_5,52_p50.jp2, band 1: IReadBlock failed at X offset 4, Y offset 3: opj_get_decoded_tile() failed'
[ps_lazydataset][rank 15] Transient read failure on /flash/project_465002934/data/Landsat/eur_test2/2019/5,52/landsat_2019_5,52_p50.jp2 (window=Window(col_off=4341, row_off=3758, width=60, height=60)), attempt 1/3: Read failed. See previous exception for details.
[ps_lazydataset][rank 57] Transient read failure on /flash/project_465002934/data/Landsat/eur_test2/2019/11,58/landsat_2019_11,58_p50.jp2 (window=Window(col_off=5698, row_off=2062, width=60, height=60)), attempt 1/3: Read failed. See previous exception for details.
INFO:rasterio._err:GDAL signalled an error: err_no=1, msg='Stream too short, expected SOT\n'
INFO:rasterio._err:GDAL signalled an error: err_no=1, msg='Stream too short, expected SOT\n'
INFO:rasterio._err:GDAL signalled an error: err_no=1, msg='Stream too short, expected SOT\n'
INFO:rasterio._err:GDAL signalled an error: err_no=1, msg='opj_get_decoded_tile() failed'
INFO:rasterio._err:GDAL signalled an error: err_no=1, msg='opj_get_decoded_tile() failed'
INFO:rasterio._err:GDAL signalled an error: err_no=1, msg='opj_get_decoded_tile() failed'
[ps_lazydataset][rank 0] Transient read failure on /flash/project_465002934/data/Landsat/eur_test2/2019/5,52/landsat_2019_5,52_p50.jp2 (window=Window(col_off=2156, row_off=2387, width=60, height=60)), attempt 1/3: Read failed. See previous exception for details.
INFO:rasterio._err:GDAL signalled an error: err_no=1, msg='landsat_2019_10,55_p50.jp2, band 1: IReadBlock failed at X offset 5, Y offset 3: opj_get_decoded_tile() failed'
INFO:rasterio._err:GDAL signalled an error: err_no=1, msg='landsat_2019_8,57_p50.jp2, band 1: IReadBlock failed at X offset 2, Y offset 5: opj_get_decoded_tile() failed'
INFO:rasterio._err:GDAL signalled an error: err_no=1, msg='landsat_2019_5,52_p50.jp2, band 1: IReadBlock failed at X offset 2, Y offset 1: opj_get_decoded_tile() failed'
INFO:rasterio._err:GDAL signalled an error: err_no=1, msg='Stream too short, expected SOT\n'
[ps_lazydataset][rank 49] Transient read failure on /flash/project_465002934/data/Landsat/eur_test2/2019/10,55/landsat_2019_10,55_p50.jp2 (window=Window(col_off=5283, row_off=4002, width=60, height=60)), attempt 1/3: Read failed. See previous exception for details.
[ps_lazydataset][rank 58] Transient read failure on /flash/project_465002934/data/Landsat/eur_test2/2019/8,57/landsat_2019_8,57_p50.jp2 (window=Window(col_off=2061, row_off=5717, width=120, height=120)), attempt 1/3: Read failed. See previous exception for details.
[ps_lazydataset][rank 14] Transient read failure on /flash/project_465002934/data/Landsat/eur_test2/2019/5,52/landsat_2019_5,52_p50.jp2 (window=Window(col_off=2898, row_off=1887, width=60, height=60)), attempt 1/3: Read failed. See previous exception for details.
INFO:rasterio._err:GDAL signalled an error: err_no=1, msg='opj_get_decoded_tile() failed'
INFO:rasterio._err:GDAL signalled an error: err_no=1, msg='landsat_2019_5,52_p50.jp2, band 1: IReadBlock failed at X offset 4, Y offset 3: opj_get_decoded_tile() failed'
[ps_lazydataset][rank 4] Transient read failure on /flash/project_465002934/data/Landsat/eur_test2/2019/5,52/landsat_2019_5,52_p50.jp2 (window=Window(col_off=4597, row_off=3359, width=60, height=60)), attempt 1/3: Read failed. See previous exception for details.
INFO:rasterio._err:GDAL signalled an error: err_no=1, msg='Stream too short, expected SOT\n'
INFO:rasterio._err:GDAL signalled an error: err_no=1, msg='opj_get_decoded_tile() failed'
INFO:rasterio._err:GDAL signalled an error: err_no=1, msg='Stream too short, expected SOT\n'
INFO:rasterio._err:GDAL signalled an error: err_no=1, msg='opj_get_decoded_tile() failed'
INFO:rasterio._err:GDAL signalled an error: err_no=1, msg='landsat_2019_8,57_p50.jp2, band 1: IReadBlock failed at X offset 1, Y offset 1: opj_get_decoded_tile() failed'
[ps_lazydataset][rank 46] Transient read failure on /flash/project_465002934/data/Landsat/eur_test2/2019/8,57/landsat_2019_8,57_p50.jp2 (window=Window(col_off=1566, row_off=1050, width=120, height=120)), attempt 1/3: Read failed. See previous exception for details.
INFO:rasterio._err:GDAL signalled an error: err_no=1, msg='landsat_2019_5,52_p50.jp2, band 1: IReadBlock failed at X offset 3, Y offset 0: opj_get_decoded_tile() failed'
[ps_lazydataset][rank 18] Transient read failure on /flash/project_465002934/data/Landsat/eur_test2/2019/5,52/landsat_2019_5,52_p50.jp2 (window=Window(col_off=3101, row_off=278, width=60, height=60)), attempt 1/3: Read failed. See previous exception for details.
INFO:rasterio._err:GDAL signalled an error: err_no=1, msg='Stream too short, expected SOT\n'
INFO:rasterio._err:GDAL signalled an error: err_no=1, msg='opj_get_decoded_tile() failed'
INFO:rasterio._err:GDAL signalled an error: err_no=1, msg='landsat_2019_8,57_p50.jp2, band 1: IReadBlock failed at X offset 4, Y offset 3: opj_get_decoded_tile() failed'
[ps_lazydataset][rank 50] Transient read failure on /flash/project_465002934/data/Landsat/eur_test2/2019/8,57/landsat_2019_8,57_p50.jp2 (window=Window(col_off=4513, row_off=3140, width=60, height=60)), attempt 1/3: Read failed. See previous exception for details.
INFO:rasterio._err:GDAL signalled an error: err_no=1, msg='Stream too short, expected SOT\n'
INFO:rasterio._err:GDAL signalled an error: err_no=1, msg='opj_get_decoded_tile() failed'
INFO:rasterio._err:GDAL signalled an error: err_no=1, msg='landsat_2019_8,57_p50.jp2, band 1: IReadBlock failed at X offset 3, Y offset 5: opj_get_decoded_tile() failed'
[ps_lazydataset][rank 56] Transient read failure on /flash/project_465002934/data/Landsat/eur_test2/2019/8,57/landsat_2019_8,57_p50.jp2 (window=Window(col_off=3715, row_off=5454, width=60, height=60)), attempt 1/3: Read failed. See previous exception for details.
INFO:rasterio._err:GDAL signalled an error: err_no=1, msg='Marker is not compliant with its position\n'
INFO:rasterio._err:GDAL signalled an error: err_no=1, msg='opj_get_decoded_tile() failed'
INFO:rasterio._err:GDAL signalled an error: err_no=1, msg='landsat_2019_9,53_p50.jp2, band 1: IReadBlock failed at X offset 0, Y offset 1: opj_get_decoded_tile() failed'
[ps_lazydataset][rank 35] Transient read failure on /flash/project_465002934/data/Landsat/eur_test2/2019/9,53/landsat_2019_9,53_p50.jp2 (window=Window(col_off=879, row_off=1175, width=120, height=120)), attempt 1/3: Read failed. See previous exception for details.
INFO:rasterio._err:GDAL signalled an error: err_no=1, msg='Stream too short, expected SOT\n'
INFO:rasterio._err:GDAL signalled an error: err_no=1, msg='opj_get_decoded_tile() failed'
INFO:rasterio._err:GDAL signalled an error: err_no=1, msg='ps_PSScene_2019_00008_00057_154_265_composite_lshm.jp2, band 1: IReadBlock failed at X offset 10, Y offset 18: opj_get_decoded_tile() failed'
[ps_lazydataset][rank 20] Transient read failure on /flash/project_465002934/data/EUR_crop_area_test2_ResizeMultimodal/ps_PSScene_2019_00008_00057_154_265_composite_lshm.jp2 (window=Window(col_off=10589, row_off=18889, width=480, height=480)), attempt 1/3: Read failed. See previous exception for details.
INFO:rasterio._err:GDAL signalled an error: err_no=1, msg='Stream too short, expected SOT\n'
INFO:rasterio._err:GDAL signalled an error: err_no=1, msg='opj_get_decoded_tile() failed'
INFO:rasterio._err:GDAL signalled an error: err_no=1, msg='landsat_2019_9,53_p50.jp2, band 1: IReadBlock failed at X offset 3, Y offset 2: opj_get_decoded_tile() failed'
[ps_lazydataset][rank 35] Transient read failure on /flash/project_465002934/data/Landsat/eur_test2/2019/9,53/landsat_2019_9,53_p50.jp2 (window=Window(col_off=3823, row_off=2796, width=120, height=120)), attempt 1/3: Read failed. See previous exception for details.
Training:   5%|▌         | 171/3125 [11:00<3:29:25,  4.25s/it, r2=0.8246]Training:   5%|▌         | 171/3125 [11:00<3:29:25,  4.25s/it, r2=0.8246]Training:   6%|▌         | 172/3125 [11:02<2:57:58,  3.62s/it, r2=0.8246]Training:   6%|▌         | 172/3125 [11:02<2:57:58,  3.62s/it, r2=0.8246]Training:   6%|▌         | 173/3125 [11:04<2:43:47,  3.33s/it, r2=0.8246]Training:   6%|▌         | 173/3125 [11:04<2:43:47,  3.33s/it, r2=0.8246]Training:   6%|▌         | 174/3125 [11:07<2:34:02,  3.13s/it, r2=0.8246]Training:   6%|▌         | 174/3125 [11:07<2:34:02,  3.13s/it, r2=0.8246]Training:   6%|▌         | 175/3125 [11:12<3:05:02,  3.76s/it, r2=0.8246]Training:   6%|▌         | 175/3125 [11:12<3:05:02,  3.76s/it, r2=0.8246]Training:   6%|▌         | 176/3125 [11:16<3:00:51,  3.68s/it, r2=0.8246]Training:   6%|▌         | 176/3125 [11:16<3:00:51,  3.68s/it, r2=0.8246]Training:   6%|▌         | 177/3125 [11:18<2:36:55,  3.19s/it, r2=0.8246]Training:   6%|▌         | 177/3125 [11:18<2:36:55,  3.19s/it, r2=0.8246]Training:   6%|▌         | 178/3125 [11:21<2:35:34,  3.17s/it, r2=0.8246]Training:   6%|▌         | 178/3125 [11:21<2:35:34,  3.17s/it, r2=0.8246]Training:   6%|▌         | 179/3125 [11:24<2:37:00,  3.20s/it, r2=0.8246]Training:   6%|▌         | 179/3125 [11:24<2:37:00,  3.20s/it, r2=0.8246]Training:   6%|▌         | 180/3125 [11:28<2:47:08,  3.41s/it, r2=0.8246]Training:   6%|▌         | 180/3125 [11:28<2:47:08,  3.41s/it, r2=0.8246]Training:   6%|▌         | 181/3125 [11:31<2:37:20,  3.21s/it, r2=0.8246]Training:   6%|▌         | 181/3125 [11:31<2:37:20,  3.21s/it, r2=0.8246]Training:   6%|▌         | 182/3125 [11:34<2:35:36,  3.17s/it, r2=0.8246]Training:   6%|▌         | 182/3125 [11:34<2:35:36,  3.17s/it, r2=0.8246]Training:   6%|▌         | 183/3125 [11:37<2:40:45,  3.28s/it, r2=0.8246]Training:   6%|▌         | 183/3125 [11:37<2:40:45,  3.28s/it, r2=0.8246]Training:   6%|▌         | 184/3125 [11:41<2:40:51,  3.28s/it, r2=0.8246]Training:   6%|▌         | 184/3125 [11:41<2:40:51,  3.28s/it, r2=0.8246]Training:   6%|▌         | 185/3125 [11:43<2:32:10,  3.11s/it, r2=0.8246]Training:   6%|▌         | 185/3125 [11:43<2:32:10,  3.11s/it, r2=0.8246]Training:   6%|▌         | 186/3125 [11:47<2:33:56,  3.14s/it, r2=0.8246]Training:   6%|▌         | 186/3125 [11:47<2:33:56,  3.14s/it, r2=0.8246]
Validation:   0%|          | 0/12 [00:00<?, ?it/s][A
Validation:   8%|▊         | 1/12 [00:01<00:11,  1.07s/it][A
Validation:  17%|█▋        | 2/12 [00:02<00:11,  1.12s/it][A
Validation:  25%|██▌       | 3/12 [00:03<00:09,  1.05s/it][A
Validation:  33%|███▎      | 4/12 [00:03<00:07,  1.10it/s][A
Validation:  42%|████▏     | 5/12 [00:04<00:05,  1.17it/s][A
Validation:  50%|█████     | 6/12 [00:06<00:07,  1.20s/it][A
Validation:  58%|█████▊    | 7/12 [00:07<00:05,  1.05s/it][A
Validation:  67%|██████▋   | 8/12 [00:08<00:03,  1.05it/s][A
Validation:  75%|███████▌  | 9/12 [00:08<00:02,  1.21it/s][A
Validation:  83%|████████▎ | 10/12 [00:09<00:01,  1.24it/s][A
Validation:  92%|█████████▏| 11/12 [00:09<00:00,  1.38it/s][A
Validation: 100%|██████████| 12/12 [00:10<00:00,  1.46it/s][A
                                                           [ATraining:   6%|▌         | 187/3125 [12:32<12:47:26, 15.67s/it, r2=0.8246]Training:   6%|▌         | 187/3125 [12:32<12:47:26, 15.67s/it, r2=0.8246]Training:   6%|▌         | 188/3125 [12:35<9:44:30, 11.94s/it, r2=0.8246] Training:   6%|▌         | 188/3125 [12:35<9:44:30, 11.94s/it, r2=0.8246]Training:   6%|▌         | 189/3125 [12:38<7:38:11,  9.36s/it, r2=0.8246]Training:   6%|▌         | 189/3125 [12:38<7:38:11,  9.36s/it, r2=0.8246]Training:   6%|▌         | 190/3125 [12:41<6:08:40,  7.54s/it, r2=0.8246]Training:   6%|▌         | 190/3125 [12:41<6:08:40,  7.54s/it, r2=0.8246]Training:   6%|▌         | 191/3125 [12:44<4:56:52,  6.07s/it, r2=0.8246]Training:   6%|▌         | 191/3125 [12:44<4:56:52,  6.07s/it, r2=0.8246]Training:   6%|▌         | 192/3125 [12:47<4:07:53,  5.07s/it, r2=0.8246]Training:   6%|▌         | 192/3125 [12:47<4:07:53,  5.07s/it, r2=0.8246]Training:   6%|▌         | 193/3125 [12:50<3:44:39,  4.60s/it, r2=0.8246]Training:   6%|▌         | 193/3125 [12:50<3:44:39,  4.60s/it, r2=0.8246]Training:   6%|▌         | 194/3125 [12:53<3:11:18,  3.92s/it, r2=0.8246]Training:   6%|▌         | 194/3125 [12:53<3:11:18,  3.92s/it, r2=0.8246]Training:   6%|▌         | 195/3125 [12:56<3:04:40,  3.78s/it, r2=0.8246]Training:   6%|▌         | 195/3125 [12:56<3:04:40,  3.78s/it, r2=0.8246]Training:   6%|▋         | 196/3125 [12:59<2:55:30,  3.60s/it, r2=0.8246]Training:   6%|▋         | 196/3125 [12:59<2:55:30,  3.60s/it, r2=0.8246]Training:   6%|▋         | 197/3125 [13:03<2:55:48,  3.60s/it, r2=0.8246]Training:   6%|▋         | 197/3125 [13:03<2:55:48,  3.60s/it, r2=0.8246]Training:   6%|▋         | 198/3125 [13:07<2:57:49,  3.65s/it, r2=0.8246]Training:   6%|▋         | 198/3125 [13:07<2:57:49,  3.65s/it, r2=0.8246]Training:   6%|▋         | 199/3125 [13:10<2:53:43,  3.56s/it, r2=0.8246]Training:   6%|▋         | 199/3125 [13:10<2:53:43,  3.56s/it, r2=0.8246]Training:   6%|▋         | 200/3125 [13:13<2:52:12,  3.53s/it, r2=0.8246]Training:   6%|▋         | 200/3125 [13:13<2:52:12,  3.53s/it, r2=0.8246]Training:   6%|▋         | 201/3125 [13:17<2:51:19,  3.52s/it, r2=0.8246]Training:   6%|▋         | 201/3125 [13:17<2:51:19,  3.52s/it, r2=0.8246]Training:   6%|▋         | 202/3125 [13:20<2:51:15,  3.52s/it, r2=0.8246]Training:   6%|▋         | 202/3125 [13:20<2:51:15,  3.52s/it, r2=0.8246]Training:   6%|▋         | 203/3125 [13:24<2:49:06,  3.47s/it, r2=0.8246]Training:   6%|▋         | 203/3125 [13:24<2:49:06,  3.47s/it, r2=0.8246]Training:   7%|▋         | 204/3125 [13:27<2:48:37,  3.46s/it, r2=0.8246]Training:   7%|▋         | 204/3125 [13:27<2:48:37,  3.46s/it, r2=0.8246]Training:   7%|▋         | 205/3125 [13:30<2:41:51,  3.33s/it, r2=0.8246]Training:   7%|▋         | 205/3125 [13:30<2:41:51,  3.33s/it, r2=0.8246]Training:   7%|▋         | 206/3125 [13:33<2:32:23,  3.13s/it, r2=0.8246]Training:   7%|▋         | 206/3125 [13:33<2:32:23,  3.13s/it, r2=0.8246]Training:   7%|▋         | 207/3125 [13:36<2:25:14,  2.99s/it, r2=0.8246]Training:   7%|▋         | 207/3125 [13:36<2:25:14,  2.99s/it, r2=0.8246]Training:   7%|▋         | 208/3125 [13:39<2:26:26,  3.01s/it, r2=0.8246]Training:   7%|▋         | 208/3125 [13:39<2:26:26,  3.01s/it, r2=0.8246]Training:   7%|▋         | 209/3125 [13:42<2:28:20,  3.05s/it, r2=0.8246]Training:   7%|▋         | 209/3125 [13:42<2:28:20,  3.05s/it, r2=0.8246]Training:   7%|▋         | 210/3125 [13:45<2:27:14,  3.03s/it, r2=0.8246]Training:   7%|▋         | 210/3125 [13:45<2:27:14,  3.03s/it, r2=0.8246]Training:   7%|▋         | 211/3125 [13:48<2:27:37,  3.04s/it, r2=0.8246]Training:   7%|▋         | 211/3125 [13:48<2:27:37,  3.04s/it, r2=0.8246]Training:   7%|▋         | 212/3125 [13:52<2:36:10,  3.22s/it, r2=0.8246]Training:   7%|▋         | 212/3125 [13:52<2:36:10,  3.22s/it, r2=0.8246]Training:   7%|▋         | 213/3125 [13:55<2:39:58,  3.30s/it, r2=0.8246]Training:   7%|▋         | 213/3125 [13:55<2:39:58,  3.30s/it, r2=0.8246]Training:   7%|▋         | 214/3125 [13:58<2:34:47,  3.19s/it, r2=0.8246]Training:   7%|▋         | 214/3125 [13:58<2:34:47,  3.19s/it, r2=0.8246]Training:   7%|▋         | 215/3125 [14:00<2:21:51,  2.92s/it, r2=0.8246]Training:   7%|▋         | 215/3125 [14:00<2:21:51,  2.92s/it, r2=0.8246]Training:   7%|▋         | 216/3125 [14:04<2:28:50,  3.07s/it, r2=0.8246]Training:   7%|▋         | 216/3125 [14:04<2:28:50,  3.07s/it, r2=0.8246]Training:   7%|▋         | 217/3125 [14:06<2:17:28,  2.84s/it, r2=0.8246]Training:   7%|▋         | 217/3125 [14:06<2:17:28,  2.84s/it, r2=0.8246]Training:   7%|▋         | 218/3125 [14:10<2:33:05,  3.16s/it, r2=0.8246]Training:   7%|▋         | 218/3125 [14:10<2:33:05,  3.16s/it, r2=0.8246]Training:   7%|▋         | 219/3125 [14:13<2:31:15,  3.12s/it, r2=0.8246]Training:   7%|▋         | 219/3125 [14:13<2:31:15,  3.12s/it, r2=0.8246]Training:   7%|▋         | 220/3125 [14:16<2:36:00,  3.22s/it, r2=0.8246]Training:   7%|▋         | 220/3125 [14:16<2:36:00,  3.22s/it, r2=0.8246]Training:   7%|▋         | 221/3125 [14:19<2:21:48,  2.93s/it, r2=0.8246]Training:   7%|▋         | 221/3125 [14:19<2:21:48,  2.93s/it, r2=0.8246]Training:   7%|▋         | 222/3125 [14:22<2:27:01,  3.04s/it, r2=0.8246]Training:   7%|▋         | 222/3125 [14:22<2:27:01,  3.04s/it, r2=0.8246]Training:   7%|▋         | 223/3125 [14:25<2:25:25,  3.01s/it, r2=0.8246]Training:   7%|▋         | 223/3125 [14:25<2:25:25,  3.01s/it, r2=0.8246]Training:   7%|▋         | 224/3125 [14:29<2:35:23,  3.21s/it, r2=0.8246]Training:   7%|▋         | 224/3125 [14:29<2:35:23,  3.21s/it, r2=0.8246]Training:   7%|▋         | 225/3125 [14:32<2:43:23,  3.38s/it, r2=0.8246]Training:   7%|▋         | 225/3125 [14:32<2:43:23,  3.38s/it, r2=0.8246]Training:   7%|▋         | 226/3125 [14:35<2:39:50,  3.31s/it, r2=0.8246]Training:   7%|▋         | 226/3125 [14:35<2:39:50,  3.31s/it, r2=0.8246]Training:   7%|▋         | 227/3125 [14:39<2:37:16,  3.26s/it, r2=0.8246]Training:   7%|▋         | 227/3125 [14:39<2:37:16,  3.26s/it, r2=0.8246]Training:   7%|▋         | 228/3125 [14:43<2:52:03,  3.56s/it, r2=0.8246]Training:   7%|▋         | 228/3125 [14:43<2:52:03,  3.56s/it, r2=0.8246]Training:   7%|▋         | 229/3125 [14:46<2:50:20,  3.53s/it, r2=0.8246]Training:   7%|▋         | 229/3125 [14:46<2:50:20,  3.53s/it, r2=0.8246]Training:   7%|▋         | 230/3125 [14:50<2:50:02,  3.52s/it, r2=0.8246]Training:   7%|▋         | 230/3125 [14:50<2:50:02,  3.52s/it, r2=0.8246]Training:   7%|▋         | 231/3125 [14:53<2:41:17,  3.34s/it, r2=0.8246]Training:   7%|▋         | 231/3125 [14:53<2:41:17,  3.34s/it, r2=0.8246]Training:   7%|▋         | 232/3125 [14:55<2:27:34,  3.06s/it, r2=0.8246]Training:   7%|▋         | 232/3125 [14:55<2:27:34,  3.06s/it, r2=0.8246]Training:   7%|▋         | 233/3125 [14:57<2:17:10,  2.85s/it, r2=0.8246]Training:   7%|▋         | 233/3125 [14:57<2:17:10,  2.85s/it, r2=0.8246]Training:   7%|▋         | 234/3125 [15:00<2:14:49,  2.80s/it, r2=0.8246]Training:   7%|▋         | 234/3125 [15:00<2:14:49,  2.80s/it, r2=0.8246]Training:   8%|▊         | 235/3125 [15:03<2:22:10,  2.95s/it, r2=0.8246]Training:   8%|▊         | 235/3125 [15:03<2:22:10,  2.95s/it, r2=0.8246]Training:   8%|▊         | 236/3125 [15:07<2:24:23,  3.00s/it, r2=0.8246]Training:   8%|▊         | 236/3125 [15:07<2:24:23,  3.00s/it, r2=0.8246]Training:   8%|▊         | 237/3125 [15:10<2:30:16,  3.12s/it, r2=0.8246]Training:   8%|▊         | 237/3125 [15:10<2:30:16,  3.12s/it, r2=0.8246]Training:   8%|▊         | 238/3125 [15:12<2:18:50,  2.89s/it, r2=0.8246]Training:   8%|▊         | 238/3125 [15:12<2:18:50,  2.89s/it, r2=0.8246]Training:   8%|▊         | 239/3125 [15:16<2:26:42,  3.05s/it, r2=0.8246]Training:   8%|▊         | 239/3125 [15:16<2:26:42,  3.05s/it, r2=0.8246]Training:   8%|▊         | 240/3125 [15:19<2:26:32,  3.05s/it, r2=0.8246]Training:   8%|▊         | 240/3125 [15:19<2:26:32,  3.05s/it, r2=0.8246]Training:   8%|▊         | 241/3125 [15:21<2:20:26,  2.92s/it, r2=0.8246]Training:   8%|▊         | 241/3125 [15:21<2:20:26,  2.92s/it, r2=0.8246]Training:   8%|▊         | 242/3125 [15:25<2:34:28,  3.21s/it, r2=0.8246]Training:   8%|▊         | 242/3125 [15:25<2:34:28,  3.21s/it, r2=0.8246]Training:   8%|▊         | 243/3125 [15:28<2:30:34,  3.13s/it, r2=0.8246]Training:   8%|▊         | 243/3125 [15:28<2:30:34,  3.13s/it, r2=0.8246]Training:   8%|▊         | 244/3125 [15:31<2:22:10,  2.96s/it, r2=0.8246]Training:   8%|▊         | 244/3125 [15:31<2:22:10,  2.96s/it, r2=0.8246]Training:   8%|▊         | 245/3125 [15:33<2:16:04,  2.83s/it, r2=0.8246]Training:   8%|▊         | 245/3125 [15:33<2:16:04,  2.83s/it, r2=0.8246]Training:   8%|▊         | 246/3125 [15:37<2:24:45,  3.02s/it, r2=0.8246]Training:   8%|▊         | 246/3125 [15:37<2:24:45,  3.02s/it, r2=0.8246]Training:   8%|▊         | 247/3125 [15:39<2:11:06,  2.73s/it, r2=0.8246]Training:   8%|▊         | 247/3125 [15:39<2:11:06,  2.73s/it, r2=0.8246]Training:   8%|▊         | 248/3125 [15:41<2:02:27,  2.55s/it, r2=0.8246]Training:   8%|▊         | 248/3125 [15:41<2:02:27,  2.55s/it, r2=0.8246]
Validation:   0%|          | 0/12 [00:00<?, ?it/s][A
Validation:   8%|▊         | 1/12 [00:00<00:06,  1.66it/s][A
Validation:  17%|█▋        | 2/12 [00:01<00:06,  1.56it/s][A
Validation:  25%|██▌       | 3/12 [00:01<00:05,  1.62it/s][A
Validation:  33%|███▎      | 4/12 [00:02<00:05,  1.43it/s][A
Validation:  42%|████▏     | 5/12 [00:03<00:04,  1.43it/s][A
Validation:  50%|█████     | 6/12 [00:04<00:04,  1.40it/s][A
Validation:  58%|█████▊    | 7/12 [00:04<00:03,  1.52it/s][A
Validation:  67%|██████▋   | 8/12 [00:05<00:02,  1.42it/s][A
Validation:  75%|███████▌  | 9/12 [00:06<00:02,  1.50it/s][A
Validation:  83%|████████▎ | 10/12 [00:06<00:01,  1.55it/s][A
Validation:  92%|█████████▏| 11/12 [00:07<00:00,  1.47it/s][A
Validation: 100%|██████████| 12/12 [00:08<00:00,  1.39it/s][A
                                                           [ATraining:   8%|▊         | 249/3125 [16:24<11:44:41, 14.70s/it, r2=0.8246]Training:   8%|▊         | 249/3125 [16:24<11:44:41, 14.70s/it, r2=0.8246]Training:   8%|▊         | 250/3125 [16:26<8:46:34, 10.99s/it, r2=0.8246] Training:   8%|▊         | 250/3125 [16:26<8:46:34, 10.99s/it, r2=0.8246]Training:   8%|▊         | 251/3125 [16:30<6:56:04,  8.69s/it, r2=0.8246]Training:   8%|▊         | 251/3125 [16:30<6:56:04,  8.69s/it, r2=0.8246]Training:   8%|▊         | 252/3125 [16:32<5:28:17,  6.86s/it, r2=0.8246]Training:   8%|▊         | 252/3125 [16:32<5:28:17,  6.86s/it, r2=0.8246]Training:   8%|▊         | 253/3125 [16:34<4:21:08,  5.46s/it, r2=0.8246]Training:   8%|▊         | 253/3125 [16:34<4:21:08,  5.46s/it, r2=0.8246]Training:   8%|▊         | 254/3125 [16:38<3:47:41,  4.76s/it, r2=0.8246]Training:   8%|▊         | 254/3125 [16:38<3:47:41,  4.76s/it, r2=0.8246]Training:   8%|▊         | 255/3125 [16:41<3:21:19,  4.21s/it, r2=0.8246]Training:   8%|▊         | 255/3125 [16:41<3:21:19,  4.21s/it, r2=0.8246]Training:   8%|▊         | 256/3125 [16:44<3:10:07,  3.98s/it, r2=0.8246]Training:   8%|▊         | 256/3125 [16:44<3:10:07,  3.98s/it, r2=0.8246]Training:   8%|▊         | 257/3125 [16:47<2:51:00,  3.58s/it, r2=0.8246]Training:   8%|▊         | 257/3125 [16:47<2:51:00,  3.58s/it, r2=0.8246]Training:   8%|▊         | 258/3125 [16:50<2:41:34,  3.38s/it, r2=0.8246]Training:   8%|▊         | 258/3125 [16:50<2:41:34,  3.38s/it, r2=0.8246]Training:   8%|▊         | 259/3125 [16:52<2:32:10,  3.19s/it, r2=0.8246]Training:   8%|▊         | 259/3125 [16:52<2:32:10,  3.19s/it, r2=0.8246]Training:   8%|▊         | 260/3125 [16:55<2:22:50,  2.99s/it, r2=0.8246]Training:   8%|▊         | 260/3125 [16:55<2:22:50,  2.99s/it, r2=0.8246]Training:   8%|▊         | 261/3125 [16:58<2:22:19,  2.98s/it, r2=0.8246]Training:   8%|▊         | 261/3125 [16:58<2:22:19,  2.98s/it, r2=0.8246]Training:   8%|▊         | 262/3125 [17:00<2:11:18,  2.75s/it, r2=0.8246]Training:   8%|▊         | 262/3125 [17:00<2:11:18,  2.75s/it, r2=0.8246]Training:   8%|▊         | 263/3125 [17:03<2:21:50,  2.97s/it, r2=0.8246]Training:   8%|▊         | 263/3125 [17:03<2:21:50,  2.97s/it, r2=0.8246]Training:   8%|▊         | 264/3125 [17:07<2:31:31,  3.18s/it, r2=0.8246]Training:   8%|▊         | 264/3125 [17:07<2:31:31,  3.18s/it, r2=0.8246]Training:   8%|▊         | 265/3125 [17:10<2:24:55,  3.04s/it, r2=0.8246]Training:   8%|▊         | 265/3125 [17:10<2:24:55,  3.04s/it, r2=0.8246]Training:   9%|▊         | 266/3125 [17:12<2:17:18,  2.88s/it, r2=0.8246]Training:   9%|▊         | 266/3125 [17:12<2:17:18,  2.88s/it, r2=0.8246]Training:   9%|▊         | 267/3125 [17:15<2:15:04,  2.84s/it, r2=0.8246]Training:   9%|▊         | 267/3125 [17:15<2:15:04,  2.84s/it, r2=0.8246]Training:   9%|▊         | 268/3125 [17:18<2:22:59,  3.00s/it, r2=0.8246]Training:   9%|▊         | 268/3125 [17:18<2:22:59,  3.00s/it, r2=0.8246]Training:   9%|▊         | 269/3125 [17:22<2:32:37,  3.21s/it, r2=0.8246]Training:   9%|▊         | 269/3125 [17:22<2:32:37,  3.21s/it, r2=0.8246]Training:   9%|▊         | 270/3125 [17:25<2:29:07,  3.13s/it, r2=0.8246]Training:   9%|▊         | 270/3125 [17:25<2:29:07,  3.13s/it, r2=0.8246]Training:   9%|▊         | 271/3125 [17:28<2:29:35,  3.14s/it, r2=0.8246]Training:   9%|▊         | 271/3125 [17:28<2:29:35,  3.14s/it, r2=0.8246]Training:   9%|▊         | 272/3125 [17:32<2:39:15,  3.35s/it, r2=0.8246]Training:   9%|▊         | 272/3125 [17:32<2:39:15,  3.35s/it, r2=0.8246]Training:   9%|▊         | 273/3125 [17:35<2:28:49,  3.13s/it, r2=0.8246]Training:   9%|▊         | 273/3125 [17:35<2:28:49,  3.13s/it, r2=0.8246]Training:   9%|▉         | 274/3125 [17:37<2:14:18,  2.83s/it, r2=0.8246]Training:   9%|▉         | 274/3125 [17:37<2:14:18,  2.83s/it, r2=0.8246]Training:   9%|▉         | 275/3125 [17:40<2:15:58,  2.86s/it, r2=0.8246]Training:   9%|▉         | 275/3125 [17:40<2:15:58,  2.86s/it, r2=0.8246]Training:   9%|▉         | 276/3125 [17:43<2:25:39,  3.07s/it, r2=0.8246]Training:   9%|▉         | 276/3125 [17:43<2:25:39,  3.07s/it, r2=0.8246]Training:   9%|▉         | 277/3125 [17:47<2:35:51,  3.28s/it, r2=0.8246]Training:   9%|▉         | 277/3125 [17:47<2:35:51,  3.28s/it, r2=0.8246]Training:   9%|▉         | 278/3125 [17:50<2:23:02,  3.01s/it, r2=0.8246]Training:   9%|▉         | 278/3125 [17:50<2:23:02,  3.01s/it, r2=0.8246]Training:   9%|▉         | 279/3125 [17:53<2:35:23,  3.28s/it, r2=0.8246]Training:   9%|▉         | 279/3125 [17:53<2:35:23,  3.28s/it, r2=0.8246]Training:   9%|▉         | 280/3125 [17:56<2:20:19,  2.96s/it, r2=0.8246]Training:   9%|▉         | 280/3125 [17:56<2:20:19,  2.96s/it, r2=0.8246]Training:   9%|▉         | 281/3125 [17:59<2:32:42,  3.22s/it, r2=0.8246]Training:   9%|▉         | 281/3125 [17:59<2:32:42,  3.22s/it, r2=0.8246]Training:   9%|▉         | 282/3125 [18:03<2:32:07,  3.21s/it, r2=0.8246]Training:   9%|▉         | 282/3125 [18:03<2:32:07,  3.21s/it, r2=0.8246]Training:   9%|▉         | 283/3125 [18:05<2:20:31,  2.97s/it, r2=0.8246]Training:   9%|▉         | 283/3125 [18:05<2:20:31,  2.97s/it, r2=0.8246]Training:   9%|▉         | 284/3125 [18:08<2:14:01,  2.83s/it, r2=0.8246]Training:   9%|▉         | 284/3125 [18:08<2:14:01,  2.83s/it, r2=0.8246]Training:   9%|▉         | 285/3125 [18:10<2:11:50,  2.79s/it, r2=0.8246]Training:   9%|▉         | 285/3125 [18:10<2:11:50,  2.79s/it, r2=0.8246]Training:   9%|▉         | 286/3125 [18:12<2:01:28,  2.57s/it, r2=0.8246]Training:   9%|▉         | 286/3125 [18:12<2:01:28,  2.57s/it, r2=0.8246]Training:   9%|▉         | 287/3125 [18:16<2:13:42,  2.83s/it, r2=0.8246]Training:   9%|▉         | 287/3125 [18:16<2:13:42,  2.83s/it, r2=0.8246]Training:   9%|▉         | 288/3125 [18:19<2:18:01,  2.92s/it, r2=0.8246]Training:   9%|▉         | 288/3125 [18:19<2:18:01,  2.92s/it, r2=0.8246]Training:   9%|▉         | 289/3125 [18:22<2:25:55,  3.09s/it, r2=0.8246]Training:   9%|▉         | 289/3125 [18:22<2:25:55,  3.09s/it, r2=0.8246]Training:   9%|▉         | 290/3125 [18:25<2:15:28,  2.87s/it, r2=0.8246]Training:   9%|▉         | 290/3125 [18:25<2:15:28,  2.87s/it, r2=0.8246]Training:   9%|▉         | 291/3125 [18:28<2:22:29,  3.02s/it, r2=0.8246]Training:   9%|▉         | 291/3125 [18:28<2:22:29,  3.02s/it, r2=0.8246]Training:   9%|▉         | 292/3125 [18:30<2:13:21,  2.82s/it, r2=0.8246]Training:   9%|▉         | 292/3125 [18:30<2:13:21,  2.82s/it, r2=0.8246]Training:   9%|▉         | 293/3125 [18:34<2:21:42,  3.00s/it, r2=0.8246]Training:   9%|▉         | 293/3125 [18:34<2:21:42,  3.00s/it, r2=0.8246]Training:   9%|▉         | 294/3125 [18:37<2:19:24,  2.95s/it, r2=0.8246]Training:   9%|▉         | 294/3125 [18:37<2:19:24,  2.95s/it, r2=0.8246]Training:   9%|▉         | 295/3125 [18:40<2:19:15,  2.95s/it, r2=0.8246]Training:   9%|▉         | 295/3125 [18:40<2:19:15,  2.95s/it, r2=0.8246]Training:   9%|▉         | 296/3125 [18:42<2:15:32,  2.87s/it, r2=0.8246]Training:   9%|▉         | 296/3125 [18:42<2:15:32,  2.87s/it, r2=0.8246]Training:  10%|▉         | 297/3125 [18:45<2:18:14,  2.93s/it, r2=0.8246]Training:  10%|▉         | 297/3125 [18:45<2:18:14,  2.93s/it, r2=0.8246]Training:  10%|▉         | 298/3125 [18:48<2:12:05,  2.80s/it, r2=0.8246]Training:  10%|▉         | 298/3125 [18:48<2:12:05,  2.80s/it, r2=0.8246]Training:  10%|▉         | 299/3125 [18:51<2:19:22,  2.96s/it, r2=0.8246]Training:  10%|▉         | 299/3125 [18:51<2:19:22,  2.96s/it, r2=0.8246]Training:  10%|▉         | 300/3125 [18:54<2:17:15,  2.92s/it, r2=0.8246]Training:  10%|▉         | 300/3125 [18:54<2:17:15,  2.92s/it, r2=0.8246]Training:  10%|▉         | 301/3125 [18:57<2:22:15,  3.02s/it, r2=0.8246]Training:  10%|▉         | 301/3125 [18:57<2:22:15,  3.02s/it, r2=0.8246]Training:  10%|▉         | 302/3125 [19:00<2:20:32,  2.99s/it, r2=0.8246]Training:  10%|▉         | 302/3125 [19:00<2:20:32,  2.99s/it, r2=0.8246]Training:  10%|▉         | 303/3125 [19:03<2:21:34,  3.01s/it, r2=0.8246]Training:  10%|▉         | 303/3125 [19:03<2:21:34,  3.01s/it, r2=0.8246]Training:  10%|▉         | 304/3125 [19:06<2:14:43,  2.87s/it, r2=0.8246]Training:  10%|▉         | 304/3125 [19:06<2:14:43,  2.87s/it, r2=0.8246]Training:  10%|▉         | 305/3125 [19:10<2:33:10,  3.26s/it, r2=0.8246]Training:  10%|▉         | 305/3125 [19:10<2:33:10,  3.26s/it, r2=0.8246]Training:  10%|▉         | 306/3125 [19:14<2:39:00,  3.38s/it, r2=0.8246]Training:  10%|▉         | 306/3125 [19:14<2:39:00,  3.38s/it, r2=0.8246]Training:  10%|▉         | 307/3125 [19:18<2:48:20,  3.58s/it, r2=0.8246]Training:  10%|▉         | 307/3125 [19:18<2:48:20,  3.58s/it, r2=0.8246]Training:  10%|▉         | 308/3125 [19:20<2:36:40,  3.34s/it, r2=0.8246]Training:  10%|▉         | 308/3125 [19:20<2:36:40,  3.34s/it, r2=0.8246]Training:  10%|▉         | 309/3125 [19:23<2:25:46,  3.11s/it, r2=0.8246]Training:  10%|▉         | 309/3125 [19:23<2:25:46,  3.11s/it, r2=0.8246]Training:  10%|▉         | 310/3125 [19:26<2:18:10,  2.95s/it, r2=0.8246]Training:  10%|▉         | 310/3125 [19:26<2:18:10,  2.95s/it, r2=0.8246]
Validation:   0%|          | 0/12 [00:00<?, ?it/s][A
Validation:   8%|▊         | 1/12 [00:00<00:07,  1.46it/s][A
Validation:  17%|█▋        | 2/12 [00:01<00:06,  1.45it/s][A
Validation:  25%|██▌       | 3/12 [00:02<00:06,  1.38it/s][A
Validation:  33%|███▎      | 4/12 [00:03<00:07,  1.11it/s][A
Validation:  42%|████▏     | 5/12 [00:03<00:05,  1.26it/s][A
Validation:  50%|█████     | 6/12 [00:05<00:05,  1.09it/s][A
Validation:  58%|█████▊    | 7/12 [00:05<00:04,  1.15it/s][A
Validation:  67%|██████▋   | 8/12 [00:06<00:03,  1.18it/s][A
Validation:  75%|███████▌  | 9/12 [00:07<00:02,  1.24it/s][A
Validation:  83%|████████▎ | 10/12 [00:08<00:01,  1.14it/s][A
Validation:  92%|█████████▏| 11/12 [00:09<00:00,  1.23it/s][A
Validation: 100%|██████████| 12/12 [00:09<00:00,  1.34it/s][A
                                                           [ATraining:  10%|▉         | 310/3125 [19:43<2:18:10,  2.95s/it, r2=0.8252]Training:  10%|▉         | 311/3125 [20:31<16:55:49, 21.66s/it, r2=0.8252]Training:  10%|▉         | 311/3125 [20:31<16:55:49, 21.66s/it, r2=0.8252]Training:  10%|▉         | 312/3125 [20:34<12:40:29, 16.22s/it, r2=0.8252]Training:  10%|▉         | 312/3125 [20:34<12:40:29, 16.22s/it, r2=0.8252]Training:  10%|█         | 313/3125 [20:37<9:21:43, 11.99s/it, r2=0.8252] Training:  10%|█         | 313/3125 [20:37<9:21:43, 11.99s/it, r2=0.8252]Training:  10%|█         | 314/3125 [20:40<7:21:35,  9.43s/it, r2=0.8252]Training:  10%|█         | 314/3125 [20:40<7:21:35,  9.43s/it, r2=0.8252]Training:  10%|█         | 315/3125 [20:42<5:43:28,  7.33s/it, r2=0.8252]Training:  10%|█         | 315/3125 [20:42<5:43:28,  7.33s/it, r2=0.8252]Training:  10%|█         | 316/3125 [20:46<4:55:03,  6.30s/it, r2=0.8252]Training:  10%|█         | 316/3125 [20:46<4:55:03,  6.30s/it, r2=0.8252]Training:  10%|█         | 317/3125 [20:50<4:15:49,  5.47s/it, r2=0.8252]Training:  10%|█         | 317/3125 [20:50<4:15:49,  5.47s/it, r2=0.8252]Training:  10%|█         | 318/3125 [20:53<3:49:37,  4.91s/it, r2=0.8252]Training:  10%|█         | 318/3125 [20:53<3:49:37,  4.91s/it, r2=0.8252]Training:  10%|█         | 319/3125 [20:57<3:35:24,  4.61s/it, r2=0.8252]Training:  10%|█         | 319/3125 [20:57<3:35:24,  4.61s/it, r2=0.8252]Training:  10%|█         | 320/3125 [21:01<3:24:14,  4.37s/it, r2=0.8252]Training:  10%|█         | 320/3125 [21:01<3:24:14,  4.37s/it, r2=0.8252]Training:  10%|█         | 321/3125 [21:05<3:15:16,  4.18s/it, r2=0.8252]Training:  10%|█         | 321/3125 [21:05<3:15:16,  4.18s/it, r2=0.8252]Training:  10%|█         | 322/3125 [21:08<2:59:44,  3.85s/it, r2=0.8252]Training:  10%|█         | 322/3125 [21:08<2:59:44,  3.85s/it, r2=0.8252]Training:  10%|█         | 323/3125 [21:10<2:38:42,  3.40s/it, r2=0.8252]Training:  10%|█         | 323/3125 [21:10<2:38:42,  3.40s/it, r2=0.8252]Training:  10%|█         | 324/3125 [21:14<2:37:52,  3.38s/it, r2=0.8252]Training:  10%|█         | 324/3125 [21:14<2:37:52,  3.38s/it, r2=0.8252]Training:  10%|█         | 325/3125 [21:16<2:22:35,  3.06s/it, r2=0.8252]Training:  10%|█         | 325/3125 [21:16<2:22:35,  3.06s/it, r2=0.8252]Training:  10%|█         | 326/3125 [21:19<2:24:04,  3.09s/it, r2=0.8252]Training:  10%|█         | 326/3125 [21:19<2:24:04,  3.09s/it, r2=0.8252]Training:  10%|█         | 327/3125 [21:23<2:32:32,  3.27s/it, r2=0.8252]Training:  10%|█         | 327/3125 [21:23<2:32:32,  3.27s/it, r2=0.8252]Training:  10%|█         | 328/3125 [21:26<2:30:41,  3.23s/it, r2=0.8252]Training:  10%|█         | 328/3125 [21:26<2:30:41,  3.23s/it, r2=0.8252]Training:  11%|█         | 329/3125 [21:28<2:13:02,  2.85s/it, r2=0.8252]Training:  11%|█         | 329/3125 [21:28<2:13:02,  2.85s/it, r2=0.8252]Training:  11%|█         | 330/3125 [21:30<2:04:30,  2.67s/it, r2=0.8252]Training:  11%|█         | 330/3125 [21:30<2:04:30,  2.67s/it, r2=0.8252]Training:  11%|█         | 331/3125 [21:32<1:54:47,  2.47s/it, r2=0.8252]Training:  11%|█         | 331/3125 [21:32<1:54:47,  2.47s/it, r2=0.8252]Training:  11%|█         | 332/3125 [21:34<1:47:36,  2.31s/it, r2=0.8252]Training:  11%|█         | 332/3125 [21:34<1:47:36,  2.31s/it, r2=0.8252]Training:  11%|█         | 333/3125 [21:36<1:45:58,  2.28s/it, r2=0.8252]Training:  11%|█         | 333/3125 [21:36<1:45:58,  2.28s/it, r2=0.8252]Training:  11%|█         | 334/3125 [21:37<1:28:19,  1.90s/it, r2=0.8252]Training:  11%|█         | 334/3125 [21:37<1:28:19,  1.90s/it, r2=0.8252]Training:  11%|█         | 335/3125 [21:40<1:32:44,  1.99s/it, r2=0.8252]Training:  11%|█         | 335/3125 [21:40<1:32:44,  1.99s/it, r2=0.8252]Training:  11%|█         | 336/3125 [21:42<1:33:31,  2.01s/it, r2=0.8252]Training:  11%|█         | 336/3125 [21:42<1:33:31,  2.01s/it, r2=0.8252]INFO:rasterio._err:GDAL signalled an error: err_no=1, msg='Marker is not compliant with its position\n'
INFO:rasterio._err:GDAL signalled an error: err_no=1, msg='Marker is not compliant with its position\n'
INFO:rasterio._err:GDAL signalled an error: err_no=1, msg='opj_get_decoded_tile() failed'
INFO:rasterio._err:GDAL signalled an error: err_no=1, msg='opj_get_decoded_tile() failed'
INFO:rasterio._err:GDAL signalled an error: err_no=1, msg='Marker is not compliant with its position\n'
INFO:rasterio._err:GDAL signalled an error: err_no=1, msg='Marker is not compliant with its position\n'
INFO:rasterio._err:GDAL signalled an error: err_no=1, msg='opj_get_decoded_tile() failed'
INFO:rasterio._err:GDAL signalled an error: err_no=1, msg='opj_get_decoded_tile() failed'
INFO:rasterio._err:GDAL signalled an error: err_no=1, msg='landsat_2019_5,52_p50.jp2, band 1: IReadBlock failed at X offset 1, Y offset 5: opj_get_decoded_tile() failed'
INFO:rasterio._err:GDAL signalled an error: err_no=1, msg='landsat_2019_5,52_p50.jp2, band 1: IReadBlock failed at X offset 4, Y offset 3: opj_get_decoded_tile() failed'
[ps_lazydataset][rank 3] Transient read failure on /flash/project_465002934/data/Landsat/eur_test2/2019/5,52/landsat_2019_5,52_p50.jp2 (window=Window(col_off=4398, row_off=3662, width=60, height=60)), attempt 1/3: Read failed. See previous exception for details.[ps_lazydataset][rank 3] Transient read failure on /flash/project_465002934/data/Landsat/eur_test2/2019/5,52/landsat_2019_5,52_p50.jp2 (window=Window(col_off=1489, row_off=5768, width=60, height=60)), attempt 1/3: Read failed. See previous exception for details.

INFO:rasterio._err:GDAL signalled an error: err_no=1, msg='Marker is not compliant with its position\n'
INFO:rasterio._err:GDAL signalled an error: err_no=1, msg='Marker is not compliant with its position\n'
INFO:rasterio._err:GDAL signalled an error: err_no=1, msg='landsat_2019_5,52_p50.jp2, band 1: IReadBlock failed at X offset 5, Y offset 0: opj_get_decoded_tile() failed'
INFO:rasterio._err:GDAL signalled an error: err_no=1, msg='landsat_2019_5,52_p50.jp2, band 1: IReadBlock failed at X offset 2, Y offset 2: opj_get_decoded_tile() failed'
INFO:rasterio._err:GDAL signalled an error: err_no=1, msg='opj_get_decoded_tile() failed'
INFO:rasterio._err:GDAL signalled an error: err_no=1, msg='opj_get_decoded_tile() failed'
[ps_lazydataset][rank 3] Transient read failure on /flash/project_465002934/data/Landsat/eur_test2/2019/5,52/landsat_2019_5,52_p50.jp2 (window=Window(col_off=5435, row_off=393, width=120, height=120)), attempt 1/3: Read failed. See previous exception for details.
[ps_lazydataset][rank 3] Transient read failure on /flash/project_465002934/data/Landsat/eur_test2/2019/5,52/landsat_2019_5,52_p50.jp2 (window=Window(col_off=2526, row_off=2526, width=60, height=60)), attempt 1/3: Read failed. See previous exception for details.
INFO:rasterio._err:GDAL signalled an error: err_no=1, msg='landsat_2019_5,52_p50.jp2, band 1: IReadBlock failed at X offset 3, Y offset 3: opj_get_decoded_tile() failed'
INFO:rasterio._err:GDAL signalled an error: err_no=1, msg='landsat_2019_5,52_p50.jp2, band 1: IReadBlock failed at X offset 3, Y offset 3: opj_get_decoded_tile() failed'
[ps_lazydataset][rank 4] Transient read failure on /flash/project_465002934/data/Landsat/eur_test2/2019/5,52/landsat_2019_5,52_p50.jp2 (window=Window(col_off=3168, row_off=3182, width=60, height=60)), attempt 1/3: Read failed. See previous exception for details.[ps_lazydataset][rank 4] Transient read failure on /flash/project_465002934/data/Landsat/eur_test2/2019/5,52/landsat_2019_5,52_p50.jp2 (window=Window(col_off=3915, row_off=3168, width=120, height=120)), attempt 1/3: Read failed. See previous exception for details.

INFO:rasterio._err:GDAL signalled an error: err_no=1, msg='Marker is not compliant with its position\n'
INFO:rasterio._err:GDAL signalled an error: err_no=1, msg='Marker is not compliant with its position\n'
INFO:rasterio._err:GDAL signalled an error: err_no=1, msg='opj_get_decoded_tile() failed'
INFO:rasterio._err:GDAL signalled an error: err_no=1, msg='opj_get_decoded_tile() failed'
INFO:rasterio._err:GDAL signalled an error: err_no=1, msg='landsat_2019_6,55_p50.jp2, band 1: IReadBlock failed at X offset 2, Y offset 0: opj_get_decoded_tile() failed'
INFO:rasterio._err:GDAL signalled an error: err_no=1, msg='landsat_2019_6,55_p50.jp2, band 1: IReadBlock failed at X offset 3, Y offset 4: opj_get_decoded_tile() failed'
INFO:rasterio._err:GDAL signalled an error: err_no=1, msg='Marker is not compliant with its position\n'
[ps_lazydataset][rank 11] Transient read failure on /flash/project_465002934/data/Landsat/eur_test2/2019/6,55/landsat_2019_6,55_p50.jp2 (window=Window(col_off=3331, row_off=4783, width=60, height=60)), attempt 1/3: Read failed. See previous exception for details.[ps_lazydataset][rank 11] Transient read failure on /flash/project_465002934/data/Landsat/eur_test2/2019/6,55/landsat_2019_6,55_p50.jp2 (window=Window(col_off=2480, row_off=577, width=120, height=120)), attempt 1/3: Read failed. See previous exception for details.

INFO:rasterio._err:GDAL signalled an error: err_no=1, msg='opj_get_decoded_tile() failed'
INFO:rasterio._err:GDAL signalled an error: err_no=1, msg='landsat_2019_9,53_p50.jp2, band 1: IReadBlock failed at X offset 0, Y offset 2: opj_get_decoded_tile() failed'
[ps_lazydataset][rank 22] Transient read failure on /flash/project_465002934/data/Landsat/eur_test2/2019/9,53/landsat_2019_9,53_p50.jp2 (window=Window(col_off=154, row_off=2257, width=120, height=120)), attempt 1/3: Read failed. See previous exception for details.
INFO:rasterio._err:GDAL signalled an error: err_no=1, msg='Marker is not compliant with its position\n'
INFO:rasterio._err:GDAL signalled an error: err_no=1, msg='opj_get_decoded_tile() failed'
INFO:rasterio._err:GDAL signalled an error: err_no=1, msg='landsat_2019_11,58_p50.jp2, band 1: IReadBlock failed at X offset 2, Y offset 3: opj_get_decoded_tile() failed'
[ps_lazydataset][rank 37] Transient read failure on /flash/project_465002934/data/Landsat/eur_test2/2019/11,58/landsat_2019_11,58_p50.jp2 (window=Window(col_off=2769, row_off=3664, width=120, height=120)), attempt 1/3: Read failed. See previous exception for details.
INFO:rasterio._err:GDAL signalled an error: err_no=1, msg='Marker is not compliant with its position\n'
INFO:rasterio._err:GDAL signalled an error: err_no=1, msg='opj_get_decoded_tile() failed'
INFO:rasterio._err:GDAL signalled an error: err_no=1, msg='landsat_2019_6,55_p50.jp2, band 1: IReadBlock failed at X offset 4, Y offset 2: opj_get_decoded_tile() failed'
[ps_lazydataset][rank 35] Transient read failure on /flash/project_465002934/data/Landsat/eur_test2/2019/6,55/landsat_2019_6,55_p50.jp2 (window=Window(col_off=4457, row_off=2948, width=120, height=120)), attempt 1/3: Read failed. See previous exception for details.
INFO:rasterio._err:GDAL signalled an error: err_no=1, msg='Marker is not compliant with its position\n'
INFO:rasterio._err:GDAL signalled an error: err_no=1, msg='opj_get_decoded_tile() failed'
INFO:rasterio._err:GDAL signalled an error: err_no=1, msg='landsat_2019_11,58_p50.jp2, band 1: IReadBlock failed at X offset 3, Y offset 1: opj_get_decoded_tile() failed'
[ps_lazydataset][rank 34] Transient read failure on /flash/project_465002934/data/Landsat/eur_test2/2019/11,58/landsat_2019_11,58_p50.jp2 (window=Window(col_off=3460, row_off=1322, width=120, height=120)), attempt 1/3: Read failed. See previous exception for details.
INFO:rasterio._err:GDAL signalled an error: err_no=1, msg='Marker is not compliant with its position\n'
INFO:rasterio._err:GDAL signalled an error: err_no=1, msg='opj_get_decoded_tile() failed'
INFO:rasterio._err:GDAL signalled an error: err_no=1, msg='landsat_2019_8,57_p50.jp2, band 1: IReadBlock failed at X offset 0, Y offset 4: opj_get_decoded_tile() failed'
[ps_lazydataset][rank 28] Transient read failure on /flash/project_465002934/data/Landsat/eur_test2/2019/8,57/landsat_2019_8,57_p50.jp2 (window=Window(col_off=744, row_off=4226, width=120, height=120)), attempt 1/3: Read failed. See previous exception for details.
INFO:rasterio._err:GDAL signalled an error: err_no=1, msg='Marker is not compliant with its position\n'
INFO:rasterio._err:GDAL signalled an error: err_no=1, msg='Marker is not compliant with its position\n'
INFO:rasterio._err:GDAL signalled an error: err_no=1, msg='opj_get_decoded_tile() failed'
INFO:rasterio._err:GDAL signalled an error: err_no=1, msg='opj_get_decoded_tile() failed'
INFO:rasterio._err:GDAL signalled an error: err_no=1, msg='landsat_2019_11,58_p50.jp2, band 1: IReadBlock failed at X offset 4, Y offset 1: opj_get_decoded_tile() failed'
INFO:rasterio._err:GDAL signalled an error: err_no=1, msg='landsat_2019_11,58_p50.jp2, band 1: IReadBlock failed at X offset 5, Y offset 0: opj_get_decoded_tile() failed'
[ps_lazydataset][rank 43] Transient read failure on /flash/project_465002934/data/Landsat/eur_test2/2019/11,58/landsat_2019_11,58_p50.jp2 (window=Window(col_off=4263, row_off=1545, width=120, height=120)), attempt 1/3: Read failed. See previous exception for details.
[ps_lazydataset][rank 43] Transient read failure on /flash/project_465002934/data/Landsat/eur_test2/2019/11,58/landsat_2019_11,58_p50.jp2 (window=Window(col_off=5249, row_off=377, width=120, height=120)), attempt 1/3: Read failed. See previous exception for details.
INFO:rasterio._err:GDAL signalled an error: err_no=1, msg='Marker is not compliant with its position\n'
INFO:rasterio._err:GDAL signalled an error: err_no=1, msg='opj_get_decoded_tile() failed'
INFO:rasterio._err:GDAL signalled an error: err_no=1, msg='Marker is not compliant with its position\n'
INFO:rasterio._err:GDAL signalled an error: err_no=1, msg='opj_get_decoded_tile() failed'
INFO:rasterio._err:GDAL signalled an error: err_no=1, msg='landsat_2019_5,52_p50.jp2, band 1: IReadBlock failed at X offset 3, Y offset 4: opj_get_decoded_tile() failed'
[ps_lazydataset][rank 14] Transient read failure on /flash/project_465002934/data/Landsat/eur_test2/2019/5,52/landsat_2019_5,52_p50.jp2 (window=Window(col_off=4007, row_off=4396, width=60, height=60)), attempt 1/3: Read failed. See previous exception for details.
INFO:rasterio._err:GDAL signalled an error: err_no=1, msg='landsat_2019_8,57_p50.jp2, band 1: IReadBlock failed at X offset 5, Y offset 4: opj_get_decoded_tile() failed'
[ps_lazydataset][rank 14] Transient read failure on /flash/project_465002934/data/Landsat/eur_test2/2019/8,57/landsat_2019_8,57_p50.jp2 (window=Window(col_off=5603, row_off=4773, width=60, height=60)), attempt 1/3: Read failed. See previous exception for details.
INFO:rasterio._err:GDAL signalled an error: err_no=1, msg='Marker is not compliant with its position\n'
INFO:rasterio._err:GDAL signalled an error: err_no=1, msg='opj_get_decoded_tile() failed'
INFO:rasterio._err:GDAL signalled an error: err_no=1, msg='Marker is not compliant with its position\n'
INFO:rasterio._err:GDAL signalled an error: err_no=1, msg='Marker is not compliant with its position\n'
INFO:rasterio._err:GDAL signalled an error: err_no=1, msg='opj_get_decoded_tile() failed'
INFO:rasterio._err:GDAL signalled an error: err_no=1, msg='opj_get_decoded_tile() failed'
INFO:rasterio._err:GDAL signalled an error: err_no=1, msg='landsat_2019_5,52_p50.jp2, band 1: IReadBlock failed at X offset 3, Y offset 0: opj_get_decoded_tile() failed'
[ps_lazydataset][rank 5] Transient read failure on /flash/project_465002934/data/Landsat/eur_test2/2019/5,52/landsat_2019_5,52_p50.jp2 (window=Window(col_off=3421, row_off=921, width=60, height=60)), attempt 1/3: Read failed. See previous exception for details.
INFO:rasterio._err:GDAL signalled an error: err_no=1, msg='landsat_2019_10,55_p50.jp2, band 1: IReadBlock failed at X offset 0, Y offset 2: opj_get_decoded_tile() failed'
INFO:rasterio._err:GDAL signalled an error: err_no=1, msg='landsat_2019_10,55_p50.jp2, band 1: IReadBlock failed at X offset 1, Y offset 2: opj_get_decoded_tile() failed'
[ps_lazydataset][rank 5] Transient read failure on /flash/project_465002934/data/Landsat/eur_test2/2019/10,55/landsat_2019_10,55_p50.jp2 (window=Window(col_off=865, row_off=2292, width=120, height=120)), attempt 1/3: Read failed. See previous exception for details.[ps_lazydataset][rank 5] Transient read failure on /flash/project_465002934/data/Landsat/eur_test2/2019/10,55/landsat_2019_10,55_p50.jp2 (window=Window(col_off=1824, row_off=2114, width=120, height=120)), attempt 1/3: Read failed. See previous exception for details.

INFO:rasterio._err:GDAL signalled an error: err_no=1, msg='Marker is not compliant with its position\n'
INFO:rasterio._err:GDAL signalled an error: err_no=1, msg='Marker is not compliant with its position\n'
INFO:rasterio._err:GDAL signalled an error: err_no=1, msg='opj_get_decoded_tile() failed'
INFO:rasterio._err:GDAL signalled an error: err_no=1, msg='opj_get_decoded_tile() failed'
INFO:rasterio._err:GDAL signalled an error: err_no=1, msg='landsat_2019_11,58_p50.jp2, band 1: IReadBlock failed at X offset 1, Y offset 6: opj_get_decoded_tile() failed'
[ps_lazydataset][rank 53] Transient read failure on /flash/project_465002934/data/Landsat/eur_test2/2019/11,58/landsat_2019_11,58_p50.jp2 (window=Window(col_off=1785, row_off=6376, width=60, height=60)), attempt 1/3: Read failed. See previous exception for details.
INFO:rasterio._err:GDAL signalled an error: err_no=1, msg='landsat_2019_11,58_p50.jp2, band 1: IReadBlock failed at X offset 5, Y offset 4: opj_get_decoded_tile() failed'
[ps_lazydataset][rank 53] Transient read failure on /flash/project_465002934/data/Landsat/eur_test2/2019/11,58/landsat_2019_11,58_p50.jp2 (window=Window(col_off=5512, row_off=4825, width=60, height=60)), attempt 1/3: Read failed. See previous exception for details.
INFO:rasterio._err:GDAL signalled an error: err_no=1, msg='Marker is not compliant with its position\n'
INFO:rasterio._err:GDAL signalled an error: err_no=1, msg='opj_get_decoded_tile() failed'
INFO:rasterio._err:GDAL signalled an error: err_no=1, msg='landsat_2019_5,52_p50.jp2, band 1: IReadBlock failed at X offset 2, Y offset 5: opj_get_decoded_tile() failed'
[ps_lazydataset][rank 2] Transient read failure on /flash/project_465002934/data/Landsat/eur_test2/2019/5,52/landsat_2019_5,52_p50.jp2 (window=Window(col_off=2152, row_off=5689, width=120, height=120)), attempt 1/3: Read failed. See previous exception for details.
INFO:rasterio._err:GDAL signalled an error: err_no=1, msg='Marker is not compliant with its position\n'
INFO:rasterio._err:GDAL signalled an error: err_no=1, msg='opj_get_decoded_tile() failed'
INFO:rasterio._err:GDAL signalled an error: err_no=1, msg='Marker is not compliant with its position\n'
INFO:rasterio._err:GDAL signalled an error: err_no=1, msg='Marker is not compliant with its position\n'
INFO:rasterio._err:GDAL signalled an error: err_no=1, msg='opj_get_decoded_tile() failed'
INFO:rasterio._err:GDAL signalled an error: err_no=1, msg='opj_get_decoded_tile() failed'
INFO:rasterio._err:GDAL signalled an error: err_no=1, msg='landsat_2019_6,55_p50.jp2, band 1: IReadBlock failed at X offset 0, Y offset 1: opj_get_decoded_tile() failed'
[ps_lazydataset][rank 44] Transient read failure on /flash/project_465002934/data/Landsat/eur_test2/2019/6,55/landsat_2019_6,55_p50.jp2 (window=Window(col_off=397, row_off=1494, width=60, height=60)), attempt 1/3: Read failed. See previous exception for details.
INFO:rasterio._err:GDAL signalled an error: err_no=1, msg='landsat_2019_11,58_p50.jp2, band 1: IReadBlock failed at X offset 6, Y offset 5: opj_get_decoded_tile() failed'
INFO:rasterio._err:GDAL signalled an error: err_no=1, msg='landsat_2019_11,58_p50.jp2, band 1: IReadBlock failed at X offset 2, Y offset 6: opj_get_decoded_tile() failed'
[ps_lazydataset][rank 48] Transient read failure on /flash/project_465002934/data/Landsat/eur_test2/2019/11,58/landsat_2019_11,58_p50.jp2 (window=Window(col_off=6470, row_off=5798, width=120, height=120)), attempt 1/3: Read failed. See previous exception for details.
[ps_lazydataset][rank 48] Transient read failure on /flash/project_465002934/data/Landsat/eur_test2/2019/11,58/landsat_2019_11,58_p50.jp2 (window=Window(col_off=2780, row_off=6491, width=120, height=120)), attempt 1/3: Read failed. See previous exception for details.
INFO:rasterio._err:GDAL signalled an error: err_no=1, msg='Marker is not compliant with its position\n'
INFO:rasterio._err:GDAL signalled an error: err_no=1, msg='Marker is not compliant with its position\n'
INFO:rasterio._err:GDAL signalled an error: err_no=1, msg='opj_get_decoded_tile() failed'
INFO:rasterio._err:GDAL signalled an error: err_no=1, msg='opj_get_decoded_tile() failed'
INFO:rasterio._err:GDAL signalled an error: err_no=1, msg='landsat_2019_6,55_p50.jp2, band 1: IReadBlock failed at X offset 3, Y offset 1: opj_get_decoded_tile() failed'
INFO:rasterio._err:GDAL signalled an error: err_no=1, msg='landsat_2019_6,55_p50.jp2, band 1: IReadBlock failed at X offset 3, Y offset 5: opj_get_decoded_tile() failed'
[ps_lazydataset][rank 42] Transient read failure on /flash/project_465002934/data/Landsat/eur_test2/2019/6,55/landsat_2019_6,55_p50.jp2 (window=Window(col_off=3153, row_off=1918, width=120, height=120)), attempt 1/3: Read failed. See previous exception for details.
[ps_lazydataset][rank 42] Transient read failure on /flash/project_465002934/data/Landsat/eur_test2/2019/6,55/landsat_2019_6,55_p50.jp2 (window=Window(col_off=3197, row_off=5777, width=120, height=120)), attempt 1/3: Read failed. See previous exception for details.
INFO:rasterio._err:GDAL signalled an error: err_no=1, msg='Marker is not compliant with its position\n'
INFO:rasterio._err:GDAL signalled an error: err_no=1, msg='opj_get_decoded_tile() failed'
INFO:rasterio._err:GDAL signalled an error: err_no=1, msg='landsat_2019_6,55_p50.jp2, band 1: IReadBlock failed at X offset 3, Y offset 4: opj_get_decoded_tile() failed'
[ps_lazydataset][rank 21] Transient read failure on /flash/project_465002934/data/Landsat/eur_test2/2019/6,55/landsat_2019_6,55_p50.jp2 (window=Window(col_off=3534, row_off=4779, width=120, height=120)), attempt 1/3: Read failed. See previous exception for details.
INFO:rasterio._err:GDAL signalled an error: err_no=1, msg='Marker is not compliant with its position\n'
INFO:rasterio._err:GDAL signalled an error: err_no=1, msg='opj_get_decoded_tile() failed'
INFO:rasterio._err:GDAL signalled an error: err_no=1, msg='landsat_2019_9,53_p50.jp2, band 1: IReadBlock failed at X offset 2, Y offset 2: opj_get_decoded_tile() failed'
[ps_lazydataset][rank 55] Transient read failure on /flash/project_465002934/data/Landsat/eur_test2/2019/9,53/landsat_2019_9,53_p50.jp2 (window=Window(col_off=2730, row_off=2130, width=120, height=120)), attempt 1/3: Read failed. See previous exception for details.
INFO:rasterio._err:GDAL signalled an error: err_no=1, msg='Marker is not compliant with its position\n'
INFO:rasterio._err:GDAL signalled an error: err_no=1, msg='opj_get_decoded_tile() failed'
INFO:rasterio._err:GDAL signalled an error: err_no=1, msg='landsat_2019_6,55_p50.jp2, band 1: IReadBlock failed at X offset 5, Y offset 0: opj_get_decoded_tile() failed'
[ps_lazydataset][rank 58] Transient read failure on /flash/project_465002934/data/Landsat/eur_test2/2019/6,55/landsat_2019_6,55_p50.jp2 (window=Window(col_off=5970, row_off=852, width=60, height=60)), attempt 1/3: Read failed. See previous exception for details.
INFO:rasterio._err:GDAL signalled an error: err_no=1, msg='Stream too short, expected SOT\n'
INFO:rasterio._err:GDAL signalled an error: err_no=1, msg='opj_get_decoded_tile() failed'
INFO:rasterio._err:GDAL signalled an error: err_no=1, msg='landsat_2019_8,57_p50.jp2, band 1: IReadBlock failed at X offset 5, Y offset 0: opj_get_decoded_tile() failed'
[ps_lazydataset][rank 14] Transient read failure on /flash/project_465002934/data/Landsat/eur_test2/2019/8,57/landsat_2019_8,57_p50.jp2 (window=Window(col_off=5640, row_off=370, width=60, height=60)), attempt 1/3: Read failed. See previous exception for details.
INFO:rasterio._err:GDAL signalled an error: err_no=1, msg='Stream too short, expected SOT\n'
INFO:rasterio._err:GDAL signalled an error: err_no=1, msg='opj_get_decoded_tile() failed'
INFO:rasterio._err:GDAL signalled an error: err_no=1, msg='landsat_2019_11,58_p50.jp2, band 1: IReadBlock failed at X offset 6, Y offset 5: opj_get_decoded_tile() failed'
[ps_lazydataset][rank 34] Transient read failure on /flash/project_465002934/data/Landsat/eur_test2/2019/11,58/landsat_2019_11,58_p50.jp2 (window=Window(col_off=6503, row_off=5766, width=60, height=60)), attempt 1/3: Read failed. See previous exception for details.
INFO:rasterio._err:GDAL signalled an error: err_no=1, msg='Stream too short, expected SOT\n'
INFO:rasterio._err:GDAL signalled an error: err_no=1, msg='opj_get_decoded_tile() failed'
INFO:rasterio._err:GDAL signalled an error: err_no=1, msg='landsat_2019_10,55_p50.jp2, band 1: IReadBlock failed at X offset 4, Y offset 0: opj_get_decoded_tile() failed'
[ps_lazydataset][rank 16] Transient read failure on /flash/project_465002934/data/Landsat/eur_test2/2019/10,55/landsat_2019_10,55_p50.jp2 (window=Window(col_off=4172, row_off=502, width=120, height=120)), attempt 1/3: Read failed. See previous exception for details.
INFO:rasterio._err:GDAL signalled an error: err_no=1, msg='Stream too short, expected SOT\n'
INFO:rasterio._err:GDAL signalled an error: err_no=1, msg='opj_get_decoded_tile() failed'
INFO:rasterio._err:GDAL signalled an error: err_no=1, msg='landsat_2019_5,52_p50.jp2, band 1: IReadBlock failed at X offset 0, Y offset 2: opj_get_decoded_tile() failed'
[ps_lazydataset][rank 14] Transient read failure on /flash/project_465002934/data/Landsat/eur_test2/2019/5,52/landsat_2019_5,52_p50.jp2 (window=Window(col_off=375, row_off=2086, width=120, height=120)), attempt 1/3: Read failed. See previous exception for details.
INFO:rasterio._err:GDAL signalled an error: err_no=1, msg='Stream too short, expected SOT\n'
INFO:rasterio._err:GDAL signalled an error: err_no=1, msg='opj_get_decoded_tile() failed'
INFO:rasterio._err:GDAL signalled an error: err_no=1, msg='landsat_2019_5,52_p50.jp2, band 1: IReadBlock failed at X offset 0, Y offset 5: opj_get_decoded_tile() failed'
[ps_lazydataset][rank 5] Transient read failure on /flash/project_465002934/data/Landsat/eur_test2/2019/5,52/landsat_2019_5,52_p50.jp2 (window=Window(col_off=645, row_off=5938, width=120, height=120)), attempt 1/3: Read failed. See previous exception for details.
INFO:rasterio._err:GDAL signalled an error: err_no=1, msg='Stream too short, expected SOT\n'
INFO:rasterio._err:GDAL signalled an error: err_no=1, msg='opj_get_decoded_tile() failed'
INFO:rasterio._err:GDAL signalled an error: err_no=1, msg='landsat_2019_6,55_p50.jp2, band 1: IReadBlock failed at X offset 3, Y offset 0: opj_get_decoded_tile() failed'
[ps_lazydataset][rank 11] Transient read failure on /flash/project_465002934/data/Landsat/eur_test2/2019/6,55/landsat_2019_6,55_p50.jp2 (window=Window(col_off=3430, row_off=738, width=60, height=60)), attempt 1/3: Read failed. See previous exception for details.
INFO:rasterio._err:GDAL signalled an error: err_no=1, msg='Stream too short, expected SOT\n'
INFO:rasterio._err:GDAL signalled an error: err_no=1, msg='opj_get_decoded_tile() failed'
INFO:rasterio._err:GDAL signalled an error: err_no=1, msg='landsat_2019_11,58_p50.jp2, band 1: IReadBlock failed at X offset 2, Y offset 0: opj_get_decoded_tile() failed'
[ps_lazydataset][rank 43] Transient read failure on /flash/project_465002934/data/Landsat/eur_test2/2019/11,58/landsat_2019_11,58_p50.jp2 (window=Window(col_off=2438, row_off=821, width=60, height=60)), attempt 1/3: Read failed. See previous exception for details.
INFO:rasterio._err:GDAL signalled an error: err_no=1, msg='Stream too short, expected SOT\n'
INFO:rasterio._err:GDAL signalled an error: err_no=1, msg='opj_get_decoded_tile() failed'
INFO:rasterio._err:GDAL signalled an error: err_no=1, msg='landsat_2019_6,55_p50.jp2, band 1: IReadBlock failed at X offset 3, Y offset 6: opj_get_decoded_tile() failed'
[ps_lazydataset][rank 58] Transient read failure on /flash/project_465002934/data/Landsat/eur_test2/2019/6,55/landsat_2019_6,55_p50.jp2 (window=Window(col_off=3855, row_off=6188, width=120, height=120)), attempt 1/3: Read failed. See previous exception for details.
INFO:rasterio._err:GDAL signalled an error: err_no=1, msg='Stream too short, expected SOT\n'
INFO:rasterio._err:GDAL signalled an error: err_no=1, msg='opj_get_decoded_tile() failed'
INFO:rasterio._err:GDAL signalled an error: err_no=1, msg='landsat_2019_10,55_p50.jp2, band 1: IReadBlock failed at X offset 2, Y offset 4: opj_get_decoded_tile() failed'
[ps_lazydataset][rank 5] Transient read failure on /flash/project_465002934/data/Landsat/eur_test2/2019/10,55/landsat_2019_10,55_p50.jp2 (window=Window(col_off=2876, row_off=4309, width=60, height=60)), attempt 1/3: Read failed. See previous exception for details.
INFO:rasterio._err:GDAL signalled an error: err_no=1, msg='Stream too short, expected SOT\n'
INFO:rasterio._err:GDAL signalled an error: err_no=1, msg='opj_get_decoded_tile() failed'
INFO:rasterio._err:GDAL signalled an error: err_no=1, msg='Stream too short, expected SOT\n'
INFO:rasterio._err:GDAL signalled an error: err_no=1, msg='opj_get_decoded_tile() failed'
INFO:rasterio._err:GDAL signalled an error: err_no=1, msg='landsat_2019_6,55_p50.jp2, band 1: IReadBlock failed at X offset 4, Y offset 3: opj_get_decoded_tile() failed'
[ps_lazydataset][rank 42] Transient read failure on /flash/project_465002934/data/Landsat/eur_test2/2019/6,55/landsat_2019_6,55_p50.jp2 (window=Window(col_off=4973, row_off=3892, width=60, height=60)), attempt 1/3: Read failed. See previous exception for details.
INFO:rasterio._err:GDAL signalled an error: err_no=1, msg='Stream too short, expected SOT\n'
INFO:rasterio._err:GDAL signalled an error: err_no=1, msg='opj_get_decoded_tile() failed'
INFO:rasterio._err:GDAL signalled an error: err_no=1, msg='Stream too short, expected SOT\n'
INFO:rasterio._err:GDAL signalled an error: err_no=1, msg='opj_get_decoded_tile() failed'
INFO:rasterio._err:GDAL signalled an error: err_no=1, msg='landsat_2019_5,52_p50.jp2, band 1: IReadBlock failed at X offset 3, Y offset 2: opj_get_decoded_tile() failed'
[ps_lazydataset][rank 2] Transient read failure on /flash/project_465002934/data/Landsat/eur_test2/2019/5,52/landsat_2019_5,52_p50.jp2 (window=Window(col_off=3206, row_off=2820, width=60, height=60)), attempt 1/3: Read failed. See previous exception for details.
INFO:rasterio._err:GDAL signalled an error: err_no=1, msg='landsat_2019_11,58_p50.jp2, band 1: IReadBlock failed at X offset 5, Y offset 0: opj_get_decoded_tile() failed'
[ps_lazydataset][rank 37] Transient read failure on /flash/project_465002934/data/Landsat/eur_test2/2019/11,58/landsat_2019_11,58_p50.jp2 (window=Window(col_off=5671, row_off=804, width=60, height=60)), attempt 1/3: Read failed. See previous exception for details.
INFO:rasterio._err:GDAL signalled an error: err_no=1, msg='landsat_2019_9,53_p50.jp2, band 1: IReadBlock failed at X offset 2, Y offset 1: opj_get_decoded_tile() failed'
[ps_lazydataset][rank 22] Transient read failure on /flash/project_465002934/data/Landsat/eur_test2/2019/9,53/landsat_2019_9,53_p50.jp2 (window=Window(col_off=2448, row_off=1785, width=60, height=60)), attempt 1/3: Read failed. See previous exception for details.
INFO:rasterio._err:GDAL signalled an error: err_no=1, msg='Stream too short, expected SOT\n'
INFO:rasterio._err:GDAL signalled an error: err_no=1, msg='opj_get_decoded_tile() failed'
INFO:rasterio._err:GDAL signalled an error: err_no=1, msg='landsat_2019_6,55_p50.jp2, band 1: IReadBlock failed at X offset 0, Y offset 4: opj_get_decoded_tile() failed'
[ps_lazydataset][rank 44] Transient read failure on /flash/project_465002934/data/Landsat/eur_test2/2019/6,55/landsat_2019_6,55_p50.jp2 (window=Window(col_off=414, row_off=4757, width=60, height=60)), attempt 1/3: Read failed. See previous exception for details.
INFO:rasterio._err:GDAL signalled an error: err_no=1, msg='Stream too short, expected SOT\n'
INFO:rasterio._err:GDAL signalled an error: err_no=1, msg='opj_get_decoded_tile() failed'
INFO:rasterio._err:GDAL signalled an error: err_no=1, msg='landsat_2019_6,55_p50.jp2, band 1: IReadBlock failed at X offset 4, Y offset 4: opj_get_decoded_tile() failed'
[ps_lazydataset][rank 35] Transient read failure on /flash/project_465002934/data/Landsat/eur_test2/2019/6,55/landsat_2019_6,55_p50.jp2 (window=Window(col_off=4381, row_off=4925, width=60, height=60)), attempt 1/3: Read failed. See previous exception for details.
INFO:rasterio._err:GDAL signalled an error: err_no=1, msg='Stream too short, expected SOT\n'
INFO:rasterio._err:GDAL signalled an error: err_no=1, msg='opj_get_decoded_tile() failed'
INFO:rasterio._err:GDAL signalled an error: err_no=1, msg='landsat_2019_11,58_p50.jp2, band 1: IReadBlock failed at X offset 3, Y offset 5: opj_get_decoded_tile() failed'
[ps_lazydataset][rank 48] Transient read failure on /flash/project_465002934/data/Landsat/eur_test2/2019/11,58/landsat_2019_11,58_p50.jp2 (window=Window(col_off=3721, row_off=5442, width=60, height=60)), attempt 1/3: Read failed. See previous exception for details.
INFO:rasterio._err:GDAL signalled an error: err_no=1, msg='Stream too short, expected SOT\n'
INFO:rasterio._err:GDAL signalled an error: err_no=1, msg='opj_get_decoded_tile() failed'
INFO:rasterio._err:GDAL signalled an error: err_no=1, msg='landsat_2019_8,57_p50.jp2, band 1: IReadBlock failed at X offset 5, Y offset 5: opj_get_decoded_tile() failed'
[ps_lazydataset][rank 28] Transient read failure on /flash/project_465002934/data/Landsat/eur_test2/2019/8,57/landsat_2019_8,57_p50.jp2 (window=Window(col_off=5129, row_off=5881, width=60, height=60)), attempt 1/3: Read failed. See previous exception for details.
INFO:rasterio._err:GDAL signalled an error: err_no=1, msg='Stream too short, expected SOT\n'
INFO:rasterio._err:GDAL signalled an error: err_no=1, msg='opj_get_decoded_tile() failed'
INFO:rasterio._err:GDAL signalled an error: err_no=1, msg='landsat_2019_9,53_p50.jp2, band 1: IReadBlock failed at X offset 3, Y offset 5: opj_get_decoded_tile() failed'
[ps_lazydataset][rank 55] Transient read failure on /flash/project_465002934/data/Landsat/eur_test2/2019/9,53/landsat_2019_9,53_p50.jp2 (window=Window(col_off=4012, row_off=5439, width=60, height=60)), attempt 1/3: Read failed. See previous exception for details.
INFO:rasterio._err:GDAL signalled an error: err_no=1, msg='Stream too short, expected SOT\n'
INFO:rasterio._err:GDAL signalled an error: err_no=1, msg='opj_get_decoded_tile() failed'
INFO:rasterio._err:GDAL signalled an error: err_no=1, msg='landsat_2019_10,55_p50.jp2, band 1: IReadBlock failed at X offset 2, Y offset 3: opj_get_decoded_tile() failed'
[ps_lazydataset][rank 29] Transient read failure on /flash/project_465002934/data/Landsat/eur_test2/2019/10,55/landsat_2019_10,55_p50.jp2 (window=Window(col_off=2503, row_off=3894, width=60, height=60)), attempt 1/3: Read failed. See previous exception for details.
INFO:rasterio._err:GDAL signalled an error: err_no=1, msg='Stream too short, expected SOT\n'
INFO:rasterio._err:GDAL signalled an error: err_no=1, msg='opj_get_decoded_tile() failed'
INFO:rasterio._err:GDAL signalled an error: err_no=1, msg='landsat_2019_6,55_p50.jp2, band 1: IReadBlock failed at X offset 4, Y offset 1: opj_get_decoded_tile() failed'
[ps_lazydataset][rank 21] Transient read failure on /flash/project_465002934/data/Landsat/eur_test2/2019/6,55/landsat_2019_6,55_p50.jp2 (window=Window(col_off=4128, row_off=1171, width=60, height=60)), attempt 1/3: Read failed. See previous exception for details.
INFO:rasterio._err:GDAL signalled an error: err_no=1, msg='Stream too short, expected SOT\n'
INFO:rasterio._err:GDAL signalled an error: err_no=1, msg='opj_get_decoded_tile() failed'
INFO:rasterio._err:GDAL signalled an error: err_no=1, msg='landsat_2019_11,58_p50.jp2, band 1: IReadBlock failed at X offset 4, Y offset 5: opj_get_decoded_tile() failed'
[ps_lazydataset][rank 52] Transient read failure on /flash/project_465002934/data/Landsat/eur_test2/2019/11,58/landsat_2019_11,58_p50.jp2 (window=Window(col_off=4908, row_off=5179, width=60, height=60)), attempt 1/3: Read failed. See previous exception for details.
Training:  11%|█         | 337/3125 [21:44<1:32:53,  2.00s/it, r2=0.8252]Training:  11%|█         | 337/3125 [21:44<1:32:53,  2.00s/it, r2=0.8252]Training:  11%|█         | 338/3125 [21:45<1:20:14,  1.73s/it, r2=0.8252]Training:  11%|█         | 338/3125 [21:45<1:20:14,  1.73s/it, r2=0.8252]Training:  11%|█         | 339/3125 [21:47<1:30:55,  1.96s/it, r2=0.8252]Training:  11%|█         | 339/3125 [21:47<1:30:55,  1.96s/it, r2=0.8252]Training:  11%|█         | 340/3125 [21:48<1:17:45,  1.68s/it, r2=0.8252]Training:  11%|█         | 340/3125 [21:48<1:17:45,  1.68s/it, r2=0.8252]Training:  11%|█         | 341/3125 [21:58<3:12:19,  4.14s/it, r2=0.8252]Training:  11%|█         | 341/3125 [21:58<3:12:19,  4.14s/it, r2=0.8252]Training:  11%|█         | 342/3125 [22:00<2:45:57,  3.58s/it, r2=0.8252]Training:  11%|█         | 342/3125 [22:00<2:45:57,  3.58s/it, r2=0.8252]Training:  11%|█         | 343/3125 [22:03<2:29:33,  3.23s/it, r2=0.8252]Training:  11%|█         | 343/3125 [22:03<2:29:33,  3.23s/it, r2=0.8252]Training:  11%|█         | 344/3125 [22:05<2:13:56,  2.89s/it, r2=0.8252]Training:  11%|█         | 344/3125 [22:05<2:13:56,  2.89s/it, r2=0.8252]Training:  11%|█         | 345/3125 [22:08<2:23:32,  3.10s/it, r2=0.8252]Training:  11%|█         | 345/3125 [22:08<2:23:32,  3.10s/it, r2=0.8252]Training:  11%|█         | 346/3125 [22:12<2:26:30,  3.16s/it, r2=0.8252]Training:  11%|█         | 346/3125 [22:12<2:26:30,  3.16s/it, r2=0.8252]Training:  11%|█         | 347/3125 [22:14<2:10:54,  2.83s/it, r2=0.8252]Training:  11%|█         | 347/3125 [22:14<2:10:54,  2.83s/it, r2=0.8252]Training:  11%|█         | 348/3125 [22:17<2:17:57,  2.98s/it, r2=0.8252]Training:  11%|█         | 348/3125 [22:17<2:17:57,  2.98s/it, r2=0.8252]Training:  11%|█         | 349/3125 [22:20<2:19:52,  3.02s/it, r2=0.8252]Training:  11%|█         | 349/3125 [22:20<2:19:52,  3.02s/it, r2=0.8252]Training:  11%|█         | 350/3125 [22:24<2:23:20,  3.10s/it, r2=0.8252]Training:  11%|█         | 350/3125 [22:24<2:23:20,  3.10s/it, r2=0.8252]Training:  11%|█         | 351/3125 [22:27<2:25:11,  3.14s/it, r2=0.8252]Training:  11%|█         | 351/3125 [22:27<2:25:11,  3.14s/it, r2=0.8252]Training:  11%|█▏        | 352/3125 [22:31<2:33:55,  3.33s/it, r2=0.8252]Training:  11%|█▏        | 352/3125 [22:31<2:33:55,  3.33s/it, r2=0.8252]Training:  11%|█▏        | 353/3125 [22:34<2:41:17,  3.49s/it, r2=0.8252]Training:  11%|█▏        | 353/3125 [22:34<2:41:17,  3.49s/it, r2=0.8252]Training:  11%|█▏        | 354/3125 [22:37<2:26:18,  3.17s/it, r2=0.8252]Training:  11%|█▏        | 354/3125 [22:37<2:26:18,  3.17s/it, r2=0.8252]Training:  11%|█▏        | 355/3125 [22:39<2:16:02,  2.95s/it, r2=0.8252]Training:  11%|█▏        | 355/3125 [22:39<2:16:02,  2.95s/it, r2=0.8252]Training:  11%|█▏        | 356/3125 [22:42<2:14:48,  2.92s/it, r2=0.8252]Training:  11%|█▏        | 356/3125 [22:42<2:14:48,  2.92s/it, r2=0.8252]Training:  11%|█▏        | 357/3125 [22:45<2:10:34,  2.83s/it, r2=0.8252]Training:  11%|█▏        | 357/3125 [22:45<2:10:34,  2.83s/it, r2=0.8252]Training:  11%|█▏        | 358/3125 [22:48<2:14:06,  2.91s/it, r2=0.8252]Training:  11%|█▏        | 358/3125 [22:48<2:14:06,  2.91s/it, r2=0.8252]Training:  11%|█▏        | 359/3125 [22:51<2:11:27,  2.85s/it, r2=0.8252]Training:  11%|█▏        | 359/3125 [22:51<2:11:27,  2.85s/it, r2=0.8252]Training:  12%|█▏        | 360/3125 [22:53<2:09:23,  2.81s/it, r2=0.8252]Training:  12%|█▏        | 360/3125 [22:53<2:09:23,  2.81s/it, r2=0.8252]Training:  12%|█▏        | 361/3125 [22:56<2:08:06,  2.78s/it, r2=0.8252]Training:  12%|█▏        | 361/3125 [22:56<2:08:06,  2.78s/it, r2=0.8252]Training:  12%|█▏        | 362/3125 [22:58<2:02:15,  2.65s/it, r2=0.8252]Training:  12%|█▏        | 362/3125 [22:58<2:02:15,  2.65s/it, r2=0.8252]Training:  12%|█▏        | 363/3125 [23:02<2:18:53,  3.02s/it, r2=0.8252]Training:  12%|█▏        | 363/3125 [23:02<2:18:53,  3.02s/it, r2=0.8252]Training:  12%|█▏        | 364/3125 [23:05<2:12:24,  2.88s/it, r2=0.8252]Training:  12%|█▏        | 364/3125 [23:05<2:12:24,  2.88s/it, r2=0.8252]Training:  12%|█▏        | 365/3125 [23:08<2:22:42,  3.10s/it, r2=0.8252]Training:  12%|█▏        | 365/3125 [23:08<2:22:42,  3.10s/it, r2=0.8252]Training:  12%|█▏        | 366/3125 [23:12<2:23:18,  3.12s/it, r2=0.8252]Training:  12%|█▏        | 366/3125 [23:12<2:23:18,  3.12s/it, r2=0.8252]Training:  12%|█▏        | 367/3125 [23:15<2:25:03,  3.16s/it, r2=0.8252]Training:  12%|█▏        | 367/3125 [23:15<2:25:03,  3.16s/it, r2=0.8252]Training:  12%|█▏        | 368/3125 [23:18<2:27:54,  3.22s/it, r2=0.8252]Training:  12%|█▏        | 368/3125 [23:18<2:27:54,  3.22s/it, r2=0.8252]Training:  12%|█▏        | 369/3125 [23:21<2:26:26,  3.19s/it, r2=0.8252]Training:  12%|█▏        | 369/3125 [23:21<2:26:26,  3.19s/it, r2=0.8252]Training:  12%|█▏        | 370/3125 [23:25<2:28:20,  3.23s/it, r2=0.8252]Training:  12%|█▏        | 370/3125 [23:25<2:28:20,  3.23s/it, r2=0.8252]Training:  12%|█▏        | 371/3125 [23:29<2:38:01,  3.44s/it, r2=0.8252]Training:  12%|█▏        | 371/3125 [23:29<2:38:01,  3.44s/it, r2=0.8252]Training:  12%|█▏        | 372/3125 [23:32<2:34:31,  3.37s/it, r2=0.8252]Training:  12%|█▏        | 372/3125 [23:32<2:34:31,  3.37s/it, r2=0.8252]
Validation:   0%|          | 0/12 [00:00<?, ?it/s][A
Validation:   8%|▊         | 1/12 [00:00<00:07,  1.41it/s][A
Validation:  17%|█▋        | 2/12 [00:01<00:07,  1.41it/s][A
Validation:  25%|██▌       | 3/12 [00:02<00:06,  1.39it/s][A
Validation:  33%|███▎      | 4/12 [00:02<00:05,  1.56it/s][A
Validation:  42%|████▏     | 5/12 [00:03<00:04,  1.59it/s][A
Validation:  50%|█████     | 6/12 [00:03<00:03,  1.62it/s][A
Validation:  58%|█████▊    | 7/12 [00:04<00:02,  1.74it/s][A
Validation:  67%|██████▋   | 8/12 [00:05<00:02,  1.57it/s][A
Validation:  75%|███████▌  | 9/12 [00:06<00:02,  1.24it/s][A
Validation:  83%|████████▎ | 10/12 [00:07<00:01,  1.26it/s][A
Validation:  92%|█████████▏| 11/12 [00:07<00:00,  1.36it/s][A
Validation: 100%|██████████| 12/12 [00:08<00:00,  1.44it/s][A
                                                           [ATraining:  12%|█▏        | 373/3125 [24:13<11:15:44, 14.73s/it, r2=0.8252]Training:  12%|█▏        | 373/3125 [24:13<11:15:44, 14.73s/it, r2=0.8252]Training:  12%|█▏        | 374/3125 [24:17<8:42:30, 11.40s/it, r2=0.8252] Training:  12%|█▏        | 374/3125 [24:17<8:42:30, 11.40s/it, r2=0.8252]Training:  12%|█▏        | 375/3125 [24:20<6:48:22,  8.91s/it, r2=0.8252]Training:  12%|█▏        | 375/3125 [24:20<6:48:22,  8.91s/it, r2=0.8252]Training:  12%|█▏        | 376/3125 [24:22<5:22:08,  7.03s/it, r2=0.8252]Training:  12%|█▏        | 376/3125 [24:22<5:22:08,  7.03s/it, r2=0.8252]Training:  12%|█▏        | 377/3125 [24:25<4:26:55,  5.83s/it, r2=0.8252]Training:  12%|█▏        | 377/3125 [24:25<4:26:55,  5.83s/it, r2=0.8252]Training:  12%|█▏        | 378/3125 [24:28<3:46:38,  4.95s/it, r2=0.8252]Training:  12%|█▏        | 378/3125 [24:28<3:46:38,  4.95s/it, r2=0.8252]Training:  12%|█▏        | 379/3125 [24:31<3:18:52,  4.35s/it, r2=0.8252]Training:  12%|█▏        | 379/3125 [24:31<3:18:52,  4.35s/it, r2=0.8252]Training:  12%|█▏        | 380/3125 [24:33<2:48:54,  3.69s/it, r2=0.8252]Training:  12%|█▏        | 380/3125 [24:33<2:48:54,  3.69s/it, r2=0.8252]Training:  12%|█▏        | 381/3125 [24:35<2:27:00,  3.21s/it, r2=0.8252]Training:  12%|█▏        | 381/3125 [24:35<2:27:00,  3.21s/it, r2=0.8252]Training:  12%|█▏        | 382/3125 [24:40<2:38:46,  3.47s/it, r2=0.8252]Training:  12%|█▏        | 382/3125 [24:40<2:38:46,  3.47s/it, r2=0.8252]Training:  12%|█▏        | 383/3125 [24:43<2:38:33,  3.47s/it, r2=0.8252]Training:  12%|█▏        | 383/3125 [24:43<2:38:33,  3.47s/it, r2=0.8252]Training:  12%|█▏        | 384/3125 [24:46<2:31:38,  3.32s/it, r2=0.8252]Training:  12%|█▏        | 384/3125 [24:46<2:31:38,  3.32s/it, r2=0.8252]Training:  12%|█▏        | 385/3125 [24:48<2:17:42,  3.02s/it, r2=0.8252]Training:  12%|█▏        | 385/3125 [24:48<2:17:42,  3.02s/it, r2=0.8252]Training:  12%|█▏        | 386/3125 [24:52<2:25:52,  3.20s/it, r2=0.8252]Training:  12%|█▏        | 386/3125 [24:52<2:25:52,  3.20s/it, r2=0.8252]Training:  12%|█▏        | 387/3125 [24:55<2:21:09,  3.09s/it, r2=0.8252]Training:  12%|█▏        | 387/3125 [24:55<2:21:09,  3.09s/it, r2=0.8252]Training:  12%|█▏        | 388/3125 [24:58<2:29:23,  3.27s/it, r2=0.8252]Training:  12%|█▏        | 388/3125 [24:58<2:29:23,  3.27s/it, r2=0.8252]Training:  12%|█▏        | 389/3125 [25:02<2:26:28,  3.21s/it, r2=0.8252]Training:  12%|█▏        | 389/3125 [25:02<2:26:28,  3.21s/it, r2=0.8252]Training:  12%|█▏        | 390/3125 [25:05<2:25:33,  3.19s/it, r2=0.8252]Training:  12%|█▏        | 390/3125 [25:05<2:25:33,  3.19s/it, r2=0.8252]Training:  13%|█▎        | 391/3125 [25:07<2:09:01,  2.83s/it, r2=0.8252]Training:  13%|█▎        | 391/3125 [25:07<2:09:01,  2.83s/it, r2=0.8252]Training:  13%|█▎        | 392/3125 [25:11<2:23:39,  3.15s/it, r2=0.8252]Training:  13%|█▎        | 392/3125 [25:11<2:23:39,  3.15s/it, r2=0.8252]Training:  13%|█▎        | 393/3125 [25:13<2:19:50,  3.07s/it, r2=0.8252]Training:  13%|█▎        | 393/3125 [25:13<2:19:50,  3.07s/it, r2=0.8252]Training:  13%|█▎        | 394/3125 [25:17<2:26:37,  3.22s/it, r2=0.8252]Training:  13%|█▎        | 394/3125 [25:17<2:26:37,  3.22s/it, r2=0.8252]Training:  13%|█▎        | 395/3125 [25:21<2:38:53,  3.49s/it, r2=0.8252]Training:  13%|█▎        | 395/3125 [25:21<2:38:53,  3.49s/it, r2=0.8252]Training:  13%|█▎        | 396/3125 [25:24<2:35:03,  3.41s/it, r2=0.8252]Training:  13%|█▎        | 396/3125 [25:24<2:35:03,  3.41s/it, r2=0.8252]Training:  13%|█▎        | 397/3125 [25:31<3:19:19,  4.38s/it, r2=0.8252]Training:  13%|█▎        | 397/3125 [25:31<3:19:19,  4.38s/it, r2=0.8252]Training:  13%|█▎        | 398/3125 [25:35<3:09:20,  4.17s/it, r2=0.8252]Training:  13%|█▎        | 398/3125 [25:35<3:09:20,  4.17s/it, r2=0.8252]Training:  13%|█▎        | 399/3125 [25:38<2:54:33,  3.84s/it, r2=0.8252]Training:  13%|█▎        | 399/3125 [25:38<2:54:33,  3.84s/it, r2=0.8252]Training:  13%|█▎        | 400/3125 [25:41<2:48:18,  3.71s/it, r2=0.8252]Training:  13%|█▎        | 400/3125 [25:41<2:48:18,  3.71s/it, r2=0.8252]Training:  13%|█▎        | 401/3125 [25:44<2:32:07,  3.35s/it, r2=0.8252]Training:  13%|█▎        | 401/3125 [25:44<2:32:07,  3.35s/it, r2=0.8252]Training:  13%|█▎        | 402/3125 [25:46<2:16:32,  3.01s/it, r2=0.8252]Training:  13%|█▎        | 402/3125 [25:46<2:16:32,  3.01s/it, r2=0.8252]Training:  13%|█▎        | 403/3125 [25:48<2:05:36,  2.77s/it, r2=0.8252]Training:  13%|█▎        | 403/3125 [25:48<2:05:36,  2.77s/it, r2=0.8252]Training:  13%|█▎        | 404/3125 [25:51<2:08:36,  2.84s/it, r2=0.8252]Training:  13%|█▎        | 404/3125 [25:51<2:08:36,  2.84s/it, r2=0.8252]Training:  13%|█▎        | 405/3125 [25:55<2:18:10,  3.05s/it, r2=0.8252]Training:  13%|█▎        | 405/3125 [25:55<2:18:10,  3.05s/it, r2=0.8252]Training:  13%|█▎        | 406/3125 [25:58<2:19:37,  3.08s/it, r2=0.8252]Training:  13%|█▎        | 406/3125 [25:58<2:19:37,  3.08s/it, r2=0.8252]Training:  13%|█▎        | 407/3125 [26:01<2:21:02,  3.11s/it, r2=0.8252]Training:  13%|█▎        | 407/3125 [26:01<2:21:02,  3.11s/it, r2=0.8252]Training:  13%|█▎        | 408/3125 [26:03<2:07:09,  2.81s/it, r2=0.8252]Training:  13%|█▎        | 408/3125 [26:03<2:07:09,  2.81s/it, r2=0.8252]Training:  13%|█▎        | 409/3125 [26:07<2:18:59,  3.07s/it, r2=0.8252]Training:  13%|█▎        | 409/3125 [26:07<2:18:59,  3.07s/it, r2=0.8252]Training:  13%|█▎        | 410/3125 [26:10<2:25:49,  3.22s/it, r2=0.8252]Training:  13%|█▎        | 410/3125 [26:10<2:25:49,  3.22s/it, r2=0.8252]Training:  13%|█▎        | 411/3125 [26:13<2:11:18,  2.90s/it, r2=0.8252]Training:  13%|█▎        | 411/3125 [26:13<2:11:18,  2.90s/it, r2=0.8252]Training:  13%|█▎        | 412/3125 [26:16<2:24:21,  3.19s/it, r2=0.8252]Training:  13%|█▎        | 412/3125 [26:16<2:24:21,  3.19s/it, r2=0.8252]Training:  13%|█▎        | 413/3125 [26:20<2:23:30,  3.17s/it, r2=0.8252]Training:  13%|█▎        | 413/3125 [26:20<2:23:30,  3.17s/it, r2=0.8252]Training:  13%|█▎        | 414/3125 [26:24<2:44:29,  3.64s/it, r2=0.8252]Training:  13%|█▎        | 414/3125 [26:24<2:44:29,  3.64s/it, r2=0.8252]Training:  13%|█▎        | 415/3125 [26:27<2:26:17,  3.24s/it, r2=0.8252]Training:  13%|█▎        | 415/3125 [26:27<2:26:17,  3.24s/it, r2=0.8252]Training:  13%|█▎        | 416/3125 [26:30<2:31:11,  3.35s/it, r2=0.8252]Training:  13%|█▎        | 416/3125 [26:30<2:31:11,  3.35s/it, r2=0.8252]Training:  13%|█▎        | 417/3125 [26:33<2:20:23,  3.11s/it, r2=0.8252]Training:  13%|█▎        | 417/3125 [26:33<2:20:23,  3.11s/it, r2=0.8252]Training:  13%|█▎        | 418/3125 [26:35<2:09:11,  2.86s/it, r2=0.8252]Training:  13%|█▎        | 418/3125 [26:35<2:09:11,  2.86s/it, r2=0.8252]Training:  13%|█▎        | 419/3125 [26:38<2:07:00,  2.82s/it, r2=0.8252]Training:  13%|█▎        | 419/3125 [26:38<2:07:00,  2.82s/it, r2=0.8252]Training:  13%|█▎        | 420/3125 [26:40<1:59:48,  2.66s/it, r2=0.8252]Training:  13%|█▎        | 420/3125 [26:40<1:59:48,  2.66s/it, r2=0.8252]Training:  13%|█▎        | 421/3125 [26:44<2:14:24,  2.98s/it, r2=0.8252]Training:  13%|█▎        | 421/3125 [26:44<2:14:24,  2.98s/it, r2=0.8252]Training:  14%|█▎        | 422/3125 [26:46<2:07:20,  2.83s/it, r2=0.8252]Training:  14%|█▎        | 422/3125 [26:46<2:07:20,  2.83s/it, r2=0.8252]Training:  14%|█▎        | 423/3125 [26:48<1:57:46,  2.62s/it, r2=0.8252]Training:  14%|█▎        | 423/3125 [26:48<1:57:46,  2.62s/it, r2=0.8252]Training:  14%|█▎        | 424/3125 [26:51<2:04:56,  2.78s/it, r2=0.8252]Training:  14%|█▎        | 424/3125 [26:51<2:04:56,  2.78s/it, r2=0.8252]Training:  14%|█▎        | 425/3125 [26:54<1:59:31,  2.66s/it, r2=0.8252]Training:  14%|█▎        | 425/3125 [26:54<1:59:31,  2.66s/it, r2=0.8252]Training:  14%|█▎        | 426/3125 [26:57<2:11:07,  2.91s/it, r2=0.8252]Training:  14%|█▎        | 426/3125 [26:57<2:11:07,  2.91s/it, r2=0.8252]Training:  14%|█▎        | 427/3125 [27:00<2:06:24,  2.81s/it, r2=0.8252]Training:  14%|█▎        | 427/3125 [27:00<2:06:24,  2.81s/it, r2=0.8252]Training:  14%|█▎        | 428/3125 [27:03<2:11:34,  2.93s/it, r2=0.8252]Training:  14%|█▎        | 428/3125 [27:03<2:11:34,  2.93s/it, r2=0.8252]Training:  14%|█▎        | 429/3125 [27:06<2:13:38,  2.97s/it, r2=0.8252]Training:  14%|█▎        | 429/3125 [27:06<2:13:38,  2.97s/it, r2=0.8252]Training:  14%|█▍        | 430/3125 [27:09<2:12:36,  2.95s/it, r2=0.8252]Training:  14%|█▍        | 430/3125 [27:09<2:12:36,  2.95s/it, r2=0.8252]Training:  14%|█▍        | 431/3125 [27:12<2:15:26,  3.02s/it, r2=0.8252]Training:  14%|█▍        | 431/3125 [27:12<2:15:26,  3.02s/it, r2=0.8252]Training:  14%|█▍        | 432/3125 [27:15<2:05:13,  2.79s/it, r2=0.8252]Training:  14%|█▍        | 432/3125 [27:15<2:05:13,  2.79s/it, r2=0.8252]Training:  14%|█▍        | 433/3125 [27:18<2:09:20,  2.88s/it, r2=0.8252]Training:  14%|█▍        | 433/3125 [27:18<2:09:20,  2.88s/it, r2=0.8252]Training:  14%|█▍        | 434/3125 [27:22<2:25:30,  3.24s/it, r2=0.8252]Training:  14%|█▍        | 434/3125 [27:22<2:25:30,  3.24s/it, r2=0.8252]
Validation:   0%|          | 0/12 [00:00<?, ?it/s][A
Validation:   8%|▊         | 1/12 [00:01<00:15,  1.38s/it][A
Validation:  17%|█▋        | 2/12 [00:02<00:12,  1.20s/it][A
Validation:  25%|██▌       | 3/12 [00:03<00:08,  1.08it/s][A
Validation:  33%|███▎      | 4/12 [00:03<00:06,  1.16it/s][A
Validation:  42%|████▏     | 5/12 [00:04<00:05,  1.22it/s][A
Validation:  50%|█████     | 6/12 [00:05<00:04,  1.25it/s][A
Validation:  58%|█████▊    | 7/12 [00:06<00:04,  1.25it/s][A
Validation:  67%|██████▋   | 8/12 [00:07<00:03,  1.14it/s][A
Validation:  75%|███████▌  | 9/12 [00:07<00:02,  1.27it/s][A
Validation:  83%|████████▎ | 10/12 [00:08<00:01,  1.37it/s][A
Validation:  92%|█████████▏| 11/12 [00:09<00:00,  1.26it/s][A
Validation: 100%|██████████| 12/12 [00:09<00:00,  1.32it/s][A
                                                           [ATraining:  14%|█▍        | 434/3125 [27:39<2:25:30,  3.24s/it, r2=0.8315]Training:  14%|█▍        | 435/3125 [28:27<16:23:09, 21.93s/it, r2=0.8315]Training:  14%|█▍        | 435/3125 [28:27<16:23:09, 21.93s/it, r2=0.8315]Training:  14%|█▍        | 436/3125 [28:29<11:56:26, 15.99s/it, r2=0.8315]Training:  14%|█▍        | 436/3125 [28:29<11:56:26, 15.99s/it, r2=0.8315]Training:  14%|█▍        | 437/3125 [28:32<8:56:50, 11.98s/it, r2=0.8315] Training:  14%|█▍        | 437/3125 [28:32<8:56:50, 11.98s/it, r2=0.8315]Training:  14%|█▍        | 438/3125 [28:36<7:07:29,  9.55s/it, r2=0.8315]Training:  14%|█▍        | 438/3125 [28:36<7:07:29,  9.55s/it, r2=0.8315]Training:  14%|█▍        | 439/3125 [28:40<5:48:57,  7.80s/it, r2=0.8315]Training:  14%|█▍        | 439/3125 [28:40<5:48:57,  7.80s/it, r2=0.8315]Training:  14%|█▍        | 440/3125 [28:42<4:38:15,  6.22s/it, r2=0.8315]Training:  14%|█▍        | 440/3125 [28:42<4:38:15,  6.22s/it, r2=0.8315]Training:  14%|█▍        | 441/3125 [28:50<4:57:31,  6.65s/it, r2=0.8315]Training:  14%|█▍        | 441/3125 [28:50<4:57:31,  6.65s/it, r2=0.8315]Training:  14%|█▍        | 442/3125 [28:55<4:41:08,  6.29s/it, r2=0.8315]Training:  14%|█▍        | 442/3125 [28:55<4:41:08,  6.29s/it, r2=0.8315]Training:  14%|█▍        | 443/3125 [28:57<3:44:06,  5.01s/it, r2=0.8315]Training:  14%|█▍        | 443/3125 [28:57<3:44:06,  5.01s/it, r2=0.8315]Training:  14%|█▍        | 444/3125 [28:59<3:02:55,  4.09s/it, r2=0.8315]Training:  14%|█▍        | 444/3125 [28:59<3:02:55,  4.09s/it, r2=0.8315]Training:  14%|█▍        | 445/3125 [29:02<2:48:10,  3.77s/it, r2=0.8315]Training:  14%|█▍        | 445/3125 [29:02<2:48:10,  3.77s/it, r2=0.8315]Training:  14%|█▍        | 446/3125 [29:06<2:46:53,  3.74s/it, r2=0.8315]Training:  14%|█▍        | 446/3125 [29:06<2:46:53,  3.74s/it, r2=0.8315]Training:  14%|█▍        | 447/3125 [29:10<2:49:22,  3.79s/it, r2=0.8315]Training:  14%|█▍        | 447/3125 [29:10<2:49:22,  3.79s/it, r2=0.8315]Training:  14%|█▍        | 448/3125 [29:12<2:34:28,  3.46s/it, r2=0.8315]Training:  14%|█▍        | 448/3125 [29:12<2:34:28,  3.46s/it, r2=0.8315]Training:  14%|█▍        | 449/3125 [29:16<2:34:43,  3.47s/it, r2=0.8315]Training:  14%|█▍        | 449/3125 [29:16<2:34:43,  3.47s/it, r2=0.8315]Training:  14%|█▍        | 450/3125 [29:18<2:16:35,  3.06s/it, r2=0.8315]Training:  14%|█▍        | 450/3125 [29:18<2:16:35,  3.06s/it, r2=0.8315]Training:  14%|█▍        | 451/3125 [29:22<2:26:02,  3.28s/it, r2=0.8315]Training:  14%|█▍        | 451/3125 [29:22<2:26:02,  3.28s/it, r2=0.8315]Training:  14%|█▍        | 452/3125 [29:25<2:22:36,  3.20s/it, r2=0.8315]Training:  14%|█▍        | 452/3125 [29:25<2:22:36,  3.20s/it, r2=0.8315]Training:  14%|█▍        | 453/3125 [29:27<2:11:09,  2.95s/it, r2=0.8315]Training:  14%|█▍        | 453/3125 [29:27<2:11:09,  2.95s/it, r2=0.8315]Training:  15%|█▍        | 454/3125 [29:30<2:05:22,  2.82s/it, r2=0.8315]Training:  15%|█▍        | 454/3125 [29:30<2:05:22,  2.82s/it, r2=0.8315]Training:  15%|█▍        | 455/3125 [29:33<2:08:11,  2.88s/it, r2=0.8315]Training:  15%|█▍        | 455/3125 [29:33<2:08:11,  2.88s/it, r2=0.8315]Training:  15%|█▍        | 456/3125 [29:35<2:00:14,  2.70s/it, r2=0.8315]Training:  15%|█▍        | 456/3125 [29:35<2:00:14,  2.70s/it, r2=0.8315]Training:  15%|█▍        | 457/3125 [29:39<2:15:17,  3.04s/it, r2=0.8315]Training:  15%|█▍        | 457/3125 [29:39<2:15:17,  3.04s/it, r2=0.8315]Training:  15%|█▍        | 458/3125 [29:42<2:17:31,  3.09s/it, r2=0.8315]Training:  15%|█▍        | 458/3125 [29:42<2:17:31,  3.09s/it, r2=0.8315]Training:  15%|█▍        | 459/3125 [29:46<2:30:10,  3.38s/it, r2=0.8315]Training:  15%|█▍        | 459/3125 [29:46<2:30:10,  3.38s/it, r2=0.8315]Training:  15%|█▍        | 460/3125 [29:49<2: